h_det_time_lo,h_det_time_hi,h_time_char_full_allplan_cume_red_mean,h_time_char_full_allplan_cume_red_std,h_time_char_full_allplan_cume_red_sem,h_time_char_full_allplan_cume_red_nEns,h_time_char_full_allplan_cume_union_mean,h_time_char_full_allplan_cume_union_std,h_time_char_full_allplan_cume_union_sem,h_time_char_full_allplan_cume_union_nEns,h_time_char_full_allplan_revi_red_mean,h_time_char_full_allplan_revi_red_std,h_time_char_full_allplan_revi_red_sem,h_time_char_full_allplan_revi_red_nEns,h_time_char_full_allplan_revi_union_mean,h_time_char_full_allplan_revi_union_std,h_time_char_full_allplan_revi_union_sem,h_time_char_full_allplan_revi_union_nEns,h_time_char_full_allplan_uniq_red_mean,h_time_char_full_allplan_uniq_red_std,h_time_char_full_allplan_uniq_red_sem,h_time_char_full_allplan_uniq_red_nEns,h_time_char_full_allplan_uniq_union_mean,h_time_char_full_allplan_uniq_union_std,h_time_char_full_allplan_uniq_union_sem,h_time_char_full_allplan_uniq_union_nEns,h_time_char_full_earth_cume_red_mean,h_time_char_full_earth_cume_red_std,h_time_char_full_earth_cume_red_sem,h_time_char_full_earth_cume_red_nEns,h_time_char_full_earth_cume_union_mean,h_time_char_full_earth_cume_union_std,h_time_char_full_earth_cume_union_sem,h_time_char_full_earth_cume_union_nEns,h_time_char_full_earth_revi_red_mean,h_time_char_full_earth_revi_red_std,h_time_char_full_earth_revi_red_sem,h_time_char_full_earth_revi_red_nEns,h_time_char_full_earth_revi_union_mean,h_time_char_full_earth_revi_union_std,h_time_char_full_earth_revi_union_sem,h_time_char_full_earth_revi_union_nEns,h_time_char_full_earth_uniq_red_mean,h_time_char_full_earth_uniq_red_std,h_time_char_full_earth_uniq_red_sem,h_time_char_full_earth_uniq_red_nEns,h_time_char_full_earth_uniq_union_mean,h_time_char_full_earth_uniq_union_std,h_time_char_full_earth_uniq_union_sem,h_time_char_full_earth_uniq_union_nEns,h_time_char_part_allplan_cume_red_mean,h_time_char_part_allplan_cume_red_std,h_time_char_part_allplan_cume_red_sem,h_time_char_part_allplan_cume_red_nEns,h_time_char_part_allplan_cume_union_mean,h_time_char_part_allplan_cume_union_std,h_time_char_part_allplan_cume_union_sem,h_time_char_part_allplan_cume_union_nEns,h_time_char_part_allplan_revi_red_mean,h_time_char_part_allplan_revi_red_std,h_time_char_part_allplan_revi_red_sem,h_time_char_part_allplan_revi_red_nEns,h_time_char_part_allplan_revi_union_mean,h_time_char_part_allplan_revi_union_std,h_time_char_part_allplan_revi_union_sem,h_time_char_part_allplan_revi_union_nEns,h_time_char_part_allplan_uniq_red_mean,h_time_char_part_allplan_uniq_red_std,h_time_char_part_allplan_uniq_red_sem,h_time_char_part_allplan_uniq_red_nEns,h_time_char_part_allplan_uniq_union_mean,h_time_char_part_allplan_uniq_union_std,h_time_char_part_allplan_uniq_union_sem,h_time_char_part_allplan_uniq_union_nEns,h_time_char_part_earth_cume_red_mean,h_time_char_part_earth_cume_red_std,h_time_char_part_earth_cume_red_sem,h_time_char_part_earth_cume_red_nEns,h_time_char_part_earth_cume_union_mean,h_time_char_part_earth_cume_union_std,h_time_char_part_earth_cume_union_sem,h_time_char_part_earth_cume_union_nEns,h_time_char_part_earth_revi_red_mean,h_time_char_part_earth_revi_red_std,h_time_char_part_earth_revi_red_sem,h_time_char_part_earth_revi_red_nEns,h_time_char_part_earth_revi_union_mean,h_time_char_part_earth_revi_union_std,h_time_char_part_earth_revi_union_sem,h_time_char_part_earth_revi_union_nEns,h_time_char_part_earth_uniq_red_mean,h_time_char_part_earth_uniq_red_std,h_time_char_part_earth_uniq_red_sem,h_time_char_part_earth_uniq_red_nEns,h_time_char_part_earth_uniq_union_mean,h_time_char_part_earth_uniq_union_std,h_time_char_part_earth_uniq_union_sem,h_time_char_part_earth_uniq_union_nEns,h_time_det_allplan_cume_mean,h_time_det_allplan_cume_std,h_time_det_allplan_cume_sem,h_time_det_allplan_cume_nEns,h_time_det_allplan_revi_mean,h_time_det_allplan_revi_std,h_time_det_allplan_revi_sem,h_time_det_allplan_revi_nEns,h_time_det_allplan_uniq_mean,h_time_det_allplan_uniq_std,h_time_det_allplan_uniq_sem,h_time_det_allplan_uniq_nEns,h_time_det_earth_cume_mean,h_time_det_earth_cume_std,h_time_det_earth_cume_sem,h_time_det_earth_cume_nEns,h_time_det_earth_revi_mean,h_time_det_earth_revi_std,h_time_det_earth_revi_sem,h_time_det_earth_revi_nEns,h_time_det_earth_uniq_mean,h_time_det_earth_uniq_std,h_time_det_earth_uniq_sem,h_time_det_earth_uniq_nEns
0.0,30.5,0.04,0.2814105882725792,0.02814105882725792,100,0.04,0.2814105882725792,0.02814105882725792,100,0.0,0.0,0.0,100,0.0,0.0,0.0,100,0.04,0.2814105882725792,0.02814105882725792,100,0.04,0.2814105882725792,0.02814105882725792,100,0.04,0.2814105882725792,0.02814105882725792,100,0.04,0.2814105882725792,0.02814105882725792,100,0.0,0.0,0.0,100,0.0,0.0,0.0,100,0.04,0.2814105882725792,0.02814105882725792,100,0.04,0.2814105882725792,0.02814105882725792,100,0.04,0.2814105882725792,0.02814105882725792,100,0.04,0.2814105882725792,0.02814105882725792,100,0.0,0.0,0.0,100,0.0,0.0,0.0,100,0.04,0.2814105882725792,0.02814105882725792,100,0.04,0.2814105882725792,0.02814105882725792,100,0.04,0.2814105882725792,0.02814105882725792,100,0.04,0.2814105882725792,0.02814105882725792,100,0.0,0.0,0.0,100,0.0,0.0,0.0,100,0.04,0.2814105882725792,0.02814105882725792,100,0.04,0.2814105882725792,0.02814105882725792,100,2.97,1.7082982258033368,0.1708298225803337,100,0.16,0.4653661532230905,0.04653661532230905,100,2.81,1.5221927299362286,0.15221927299362287,100,2.97,1.7082982258033368,0.1708298225803337,100,0.16,0.4653661532230905,0.04653661532230905,100,2.81,1.5221927299362286,0.15221927299362287,100
30.5,61.0,0.0,0.0,0.0,100,0.0,0.0,0.0,100,0.0,0.0,0.0,100,0.0,0.0,0.0,100,0.0,0.0,0.0,100,0.0,0.0,0.0,100,0.0,0.0,0.0,100,0.0,0.0,0.0,100,0.0,0.0,0.0,100,0.0,0.0,0.0,100,0.0,0.0,0.0,100,0.0,0.0,0.0,100,0.0,0.0,0.0,100,0.0,0.0,0.0,100,0.0,0.0,0.0,100,0.0,0.0,0.0,100,0.0,0.0,0.0,100,0.0,0.0,0.0,100,0.0,0.0,0.0,100,0.0,0.0,0.0,100,0.0,0.0,0.0,100,0.0,0.0,0.0,100,0.0,0.0,0.0,100,0.0,0.0,0.0,100,1.81,1.1520293907586372,0.11520293907586372,100,0.19,0.41911402464790604,0.0419114024647906,100,1.62,1.1351144649262683,0.11351144649262683,100,1.81,1.1520293907586372,0.11520293907586372,100,0.19,0.41911402464790604,0.0419114024647906,100,1.62,1.1351144649262683,0.11351144649262683,100
61.0,91.5,0.09,0.3509007169147895,0.03509007169147895,100,0.09,0.3509007169147895,0.03509007169147895,100,0.0,0.0,0.0,100,0.0,0.0,0.0,100,0.09,0.3509007169147895,0.03509007169147895,100,0.09,0.3509007169147895,0.03509007169147895,100,0.09,0.3509007169147895,0.03509007169147895,100,0.09,0.3509007169147895,0.03509007169147895,100,0.0,0.0,0.0,100,0.0,0.0,0.0,100,0.09,0.3509007169147895,0.03509007169147895,100,0.09,0.3509007169147895,0.03509007169147895,100,0.09,0.3509007169147895,0.03509007169147895,100,0.09,0.3509007169147895,0.03509007169147895,100,0.0,0.0,0.0,100,0.0,0.0,0.0,100,0.09,0.3509007169147895,0.03509007169147895,100,0.09,0.3509007169147895,0.03509007169147895,100,0.09,0.3509007169147895,0.03509007169147895,100,0.09,0.3509007169147895,0.03509007169147895,100,0.0,0.0,0.0,100,0.0,0.0,0.0,100,0.09,0.3509007169147895,0.03509007169147895,100,0.09,0.3509007169147895,0.03509007169147895,100,1.66,1.2650707649787971,0.1265070764978797,100,0.63,0.872185227292386,0.0872185227292386,100,1.03,0.9261083995282452,0.09261083995282451,100,1.66,1.2650707649787971,0.1265070764978797,100,0.63,0.872185227292386,0.0872185227292386,100,1.03,0.9261083995282452,0.09261083995282451,100
91.5,122.0,0.27,0.5659532050470523,0.05659532050470523,100,0.27,0.5659532050470523,0.05659532050470523,100,0.0,0.0,0.0,100,0.0,0.0,0.0,100,0.27,0.5659532050470523,0.05659532050470523,100,0.27,0.5659532050470523,0.05659532050470523,100,0.27,0.5659532050470523,0.05659532050470523,100,0.27,0.5659532050470523,0.05659532050470523,100,0.0,0.0,0.0,100,0.0,0.0,0.0,100,0.27,0.5659532050470523,0.05659532050470523,100,0.27,0.5659532050470523,0.05659532050470523,100,0.27,0.5659532050470523,0.05659532050470523,100,0.27,0.5659532050470523,0.05659532050470523,100,0.0,0.0,0.0,100,0.0,0.0,0.0,100,0.27,0.5659532050470523,0.05659532050470523,100,0.27,0.5659532050470523,0.05659532050470523,100,0.27,0.5659532050470523,0.05659532050470523,100,0.27,0.5659532050470523,0.05659532050470523,100,0.0,0.0,0.0,100,0.0,0.0,0.0,100,0.27,0.5659532050470523,0.05659532050470523,100,0.27,0.5659532050470523,0.05659532050470523,100,1.73,1.0904081341359753,0.10904081341359753,100,0.77,0.7634980634744881,0.07634980634744881,100,0.96,0.875248882353246,0.0875248882353246,100,1.73,1.0904081341359753,0.10904081341359753,100,0.77,0.7634980634744881,0.07634980634744881,100,0.96,0.875248882353246,0.0875248882353246,100
122.0,152.5,0.56,0.7009373233842888,0.07009373233842889,100,0.56,0.7009373233842888,0.07009373233842889,100,0.0,0.0,0.0,100,0.0,0.0,0.0,100,0.56,0.7009373233842888,0.07009373233842889,100,0.56,0.7009373233842888,0.07009373233842889,100,0.56,0.7009373233842888,0.07009373233842889,100,0.56,0.7009373233842888,0.07009373233842889,100,0.0,0.0,0.0,100,0.0,0.0,0.0,100,0.56,0.7009373233842888,0.07009373233842889,100,0.56,0.7009373233842888,0.07009373233842889,100,0.56,0.7009373233842888,0.07009373233842889,100,0.56,0.7009373233842888,0.07009373233842889,100,0.0,0.0,0.0,100,0.0,0.0,0.0,100,0.56,0.7009373233842888,0.07009373233842889,100,0.56,0.7009373233842888,0.07009373233842889,100,0.56,0.7009373233842888,0.07009373233842889,100,0.56,0.7009373233842888,0.07009373233842889,100,0.0,0.0,0.0,100,0.0,0.0,0.0,100,0.56,0.7009373233842888,0.07009373233842889,100,0.56,0.7009373233842888,0.07009373233842889,100,2.07,1.423149161315684,0.14231491613156838,100,1.36,1.0779704086941353,0.10779704086941352,100,0.71,0.9670845491747478,0.09670845491747479,100,2.07,1.423149161315684,0.14231491613156838,100,1.36,1.0779704086941353,0.10779704086941352,100,0.71,0.9670845491747478,0.09670845491747479,100
152.5,183.0,0.31,0.5448565745851716,0.054485657458517155,100,0.31,0.5448565745851716,0.054485657458517155,100,0.0,0.0,0.0,100,0.0,0.0,0.0,100,0.31,0.5448565745851716,0.054485657458517155,100,0.31,0.5448565745851716,0.054485657458517155,100,0.31,0.5448565745851716,0.054485657458517155,100,0.31,0.5448565745851716,0.054485657458517155,100,0.0,0.0,0.0,100,0.0,0.0,0.0,100,0.31,0.5448565745851716,0.054485657458517155,100,0.31,0.5448565745851716,0.054485657458517155,100,0.31,0.5448565745851716,0.054485657458517155,100,0.31,0.5448565745851716,0.054485657458517155,100,0.0,0.0,0.0,100,0.0,0.0,0.0,100,0.31,0.5448565745851716,0.054485657458517155,100,0.31,0.5448565745851716,0.054485657458517155,100,0.31,0.5448565745851716,0.054485657458517155,100,0.31,0.5448565745851716,0.054485657458517155,100,0.0,0.0,0.0,100,0.0,0.0,0.0,100,0.31,0.5448565745851716,0.054485657458517155,100,0.31,0.5448565745851716,0.054485657458517155,100,1.59,1.0550025132815102,0.10550025132815102,100,0.99,0.8932406102942185,0.08932406102942185,100,0.6,0.7247430753394781,0.07247430753394782,100,1.59,1.0550025132815102,0.10550025132815102,100,0.99,0.8932406102942185,0.08932406102942185,100,0.6,0.7247430753394781,0.07247430753394782,100
183.0,213.5,0.24,0.5706632681858593,0.057066326818585936,100,0.24,0.5706632681858593,0.057066326818585936,100,0.0,0.0,0.0,100,0.0,0.0,0.0,100,0.24,0.5706632681858593,0.057066326818585936,100,0.24,0.5706632681858593,0.057066326818585936,100,0.24,0.5706632681858593,0.057066326818585936,100,0.24,0.5706632681858593,0.057066326818585936,100,0.0,0.0,0.0,100,0.0,0.0,0.0,100,0.24,0.5706632681858593,0.057066326818585936,100,0.24,0.5706632681858593,0.057066326818585936,100,0.24,0.5706632681858593,0.057066326818585936,100,0.24,0.5706632681858593,0.057066326818585936,100,0.0,0.0,0.0,100,0.0,0.0,0.0,100,0.24,0.5706632681858593,0.057066326818585936,100,0.24,0.5706632681858593,0.057066326818585936,100,0.24,0.5706632681858593,0.057066326818585936,100,0.24,0.5706632681858593,0.057066326818585936,100,0.0,0.0,0.0,100,0.0,0.0,0.0,100,0.24,0.5706632681858593,0.057066326818585936,100,0.24,0.5706632681858593,0.057066326818585936,100,1.34,1.1994948431685228,0.11994948431685229,100,0.74,0.8482900209220665,0.08482900209220665,100,0.6,0.804030252207369,0.0804030252207369,100,1.34,1.1994948431685228,0.11994948431685229,100,0.74,0.8482900209220665,0.08482900209220665,100,0.6,0.804030252207369,0.0804030252207369,100
213.5,244.0,0.41,0.6528105515091004,0.06528105515091004,100,0.41,0.6528105515091004,0.06528105515091004,100,0.0,0.0,0.0,100,0.0,0.0,0.0,100,0.41,0.6528105515091004,0.06528105515091004,100,0.41,0.6528105515091004,0.06528105515091004,100,0.41,0.6528105515091004,0.06528105515091004,100,0.41,0.6528105515091004,0.06528105515091004,100,0.0,0.0,0.0,100,0.0,0.0,0.0,100,0.41,0.6528105515091004,0.06528105515091004,100,0.41,0.6528105515091004,0.06528105515091004,100,0.41,0.6528105515091004,0.06528105515091004,100,0.41,0.6528105515091004,0.06528105515091004,100,0.0,0.0,0.0,100,0.0,0.0,0.0,100,0.41,0.6528105515091004,0.06528105515091004,100,0.41,0.6528105515091004,0.06528105515091004,100,0.41,0.6528105515091004,0.06528105515091004,100,0.41,0.6528105515091004,0.06528105515091004,100,0.0,0.0,0.0,100,0.0,0.0,0.0,100,0.41,0.6528105515091004,0.06528105515091004,100,0.41,0.6528105515091004,0.06528105515091004,100,1.38,1.2853486733650181,0.12853486733650182,100,0.97,1.0195562512656917,0.10195562512656917,100,0.41,0.7120180453961108,0.07120180453961109,100,1.38,1.2853486733650181,0.12853486733650182,100,0.97,1.0195562512656917,0.10195562512656917,100,0.41,0.7120180453961108,0.07120180453961109,100
244.0,274.5,0.4,0.6666666666666664,0.06666666666666664,100,0.4,0.6666666666666664,0.06666666666666664,100,0.0,0.0,0.0,100,0.0,0.0,0.0,100,0.4,0.6666666666666664,0.06666666666666664,100,0.4,0.6666666666666664,0.06666666666666664,100,0.4,0.6666666666666664,0.06666666666666664,100,0.4,0.6666666666666664,0.06666666666666664,100,0.0,0.0,0.0,100,0.0,0.0,0.0,100,0.4,0.6666666666666664,0.06666666666666664,100,0.4,0.6666666666666664,0.06666666666666664,100,0.4,0.6666666666666664,0.06666666666666664,100,0.4,0.6666666666666664,0.06666666666666664,100,0.0,0.0,0.0,100,0.0,0.0,0.0,100,0.4,0.6666666666666664,0.06666666666666664,100,0.4,0.6666666666666664,0.06666666666666664,100,0.4,0.6666666666666664,0.06666666666666664,100,0.4,0.6666666666666664,0.06666666666666664,100,0.0,0.0,0.0,100,0.0,0.0,0.0,100,0.4,0.6666666666666664,0.06666666666666664,100,0.4,0.6666666666666664,0.06666666666666664,100,1.36,1.0494827971025251,0.10494827971025252,100,1.01,0.9586922911398158,0.09586922911398157,100,0.35,0.6256309946079568,0.06256309946079568,100,1.36,1.0494827971025251,0.10494827971025252,100,1.01,0.9586922911398158,0.09586922911398157,100,0.35,0.6256309946079568,0.06256309946079568,100
274.5,305.0,0.39,0.6650738547884979,0.0665073854788498,100,0.39,0.6650738547884979,0.0665073854788498,100,0.0,0.0,0.0,100,0.0,0.0,0.0,100,0.39,0.6650738547884979,0.0665073854788498,100,0.39,0.6650738547884979,0.0665073854788498,100,0.39,0.6650738547884979,0.0665073854788498,100,0.39,0.6650738547884979,0.0665073854788498,100,0.0,0.0,0.0,100,0.0,0.0,0.0,100,0.39,0.6650738547884979,0.0665073854788498,100,0.39,0.6650738547884979,0.0665073854788498,100,0.39,0.6650738547884979,0.0665073854788498,100,0.39,0.6650738547884979,0.0665073854788498,100,0.0,0.0,0.0,100,0.0,0.0,0.0,100,0.39,0.6650738547884979,0.0665073854788498,100,0.39,0.6650738547884979,0.0665073854788498,100,0.39,0.6650738547884979,0.0665073854788498,100,0.39,0.6650738547884979,0.0665073854788498,100,0.0,0.0,0.0,100,0.0,0.0,0.0,100,0.39,0.6650738547884979,0.0665073854788498,100,0.39,0.6650738547884979,0.0665073854788498,100,1.29,1.1036669824185232,0.11036669824185233,100,1.04,0.952614689932266,0.0952614689932266,100,0.25,0.5,0.05,100,1.29,1.1036669824185232,0.11036669824185233,100,1.04,0.952614689932266,0.0952614689932266,100,0.25,0.5,0.05,100
305.0,335.5,0.25,0.5573204290227127,0.055732042902271274,100,0.25,0.5573204290227127,0.055732042902271274,100,0.0,0.0,0.0,100,0.0,0.0,0.0,100,0.25,0.5573204290227127,0.055732042902271274,100,0.25,0.5573204290227127,0.055732042902271274,100,0.25,0.5573204290227127,0.055732042902271274,100,0.25,0.5573204290227127,0.055732042902271274,100,0.0,0.0,0.0,100,0.0,0.0,0.0,100,0.25,0.5573204290227127,0.055732042902271274,100,0.25,0.5573204290227127,0.055732042902271274,100,0.25,0.5573204290227127,0.055732042902271274,100,0.25,0.5573204290227127,0.055732042902271274,100,0.0,0.0,0.0,100,0.0,0.0,0.0,100,0.25,0.5573204290227127,0.055732042902271274,100,0.25,0.5573204290227127,0.055732042902271274,100,0.25,0.5573204290227127,0.055732042902271274,100,0.25,0.5573204290227127,0.055732042902271274,100,0.0,0.0,0.0,100,0.0,0.0,0.0,100,0.25,0.5573204290227127,0.055732042902271274,100,0.25,0.5573204290227127,0.055732042902271274,100,0.98,0.9532506851226851,0.0953250685122685,100,0.56,0.7563869460277668,0.07563869460277668,100,0.42,0.5891270720911638,0.05891270720911638,100,0.98,0.9532506851226851,0.0953250685122685,100,0.56,0.7563869460277668,0.07563869460277668,100,0.42,0.5891270720911638,0.05891270720911638,100
335.5,366.0,0.6,0.8287754140107476,0.08287754140107476,100,0.6,0.8287754140107476,0.08287754140107476,100,0.0,0.0,0.0,100,0.0,0.0,0.0,100,0.6,0.8287754140107476,0.08287754140107476,100,0.6,0.8287754140107476,0.08287754140107476,100,0.6,0.8287754140107476,0.08287754140107476,100,0.6,0.8287754140107476,0.08287754140107476,100,0.0,0.0,0.0,100,0.0,0.0,0.0,100,0.6,0.8287754140107476,0.08287754140107476,100,0.6,0.8287754140107476,0.08287754140107476,100,0.6,0.8287754140107476,0.08287754140107476,100,0.6,0.8287754140107476,0.08287754140107476,100,0.0,0.0,0.0,100,0.0,0.0,0.0,100,0.6,0.8287754140107476,0.08287754140107476,100,0.6,0.8287754140107476,0.08287754140107476,100,0.6,0.8287754140107476,0.08287754140107476,100,0.6,0.8287754140107476,0.08287754140107476,100,0.0,0.0,0.0,100,0.0,0.0,0.0,100,0.6,0.8287754140107476,0.08287754140107476,100,0.6,0.8287754140107476,0.08287754140107476,100,1.14,0.974627616014952,0.0974627616014952,100,0.79,0.8077278269468263,0.08077278269468263,100,0.35,0.5388914922357189,0.05388914922357189,100,1.14,0.974627616014952,0.0974627616014952,100,0.79,0.8077278269468263,0.08077278269468263,100,0.35,0.5388914922357189,0.05388914922357189,100
366.0,396.5,0.37,0.6912877750103699,0.06912877750103699,100,0.37,0.6912877750103699,0.06912877750103699,100,0.0,0.0,0.0,100,0.0,0.0,0.0,100,0.37,0.6912877750103699,0.06912877750103699,100,0.37,0.6912877750103699,0.06912877750103699,100,0.37,0.6912877750103699,0.06912877750103699,100,0.37,0.6912877750103699,0.06912877750103699,100,0.0,0.0,0.0,100,0.0,0.0,0.0,100,0.37,0.6912877750103699,0.06912877750103699,100,0.37,0.6912877750103699,0.06912877750103699,100,0.37,0.6912877750103699,0.06912877750103699,100,0.37,0.6912877750103699,0.06912877750103699,100,0.0,0.0,0.0,100,0.0,0.0,0.0,100,0.37,0.6912877750103699,0.06912877750103699,100,0.37,0.6912877750103699,0.06912877750103699,100,0.37,0.6912877750103699,0.06912877750103699,100,0.37,0.6912877750103699,0.06912877750103699,100,0.0,0.0,0.0,100,0.0,0.0,0.0,100,0.37,0.6912877750103699,0.06912877750103699,100,0.37,0.6912877750103699,0.06912877750103699,100,0.97,1.1051303684693186,0.11051303684693185,100,0.56,0.7429126408395483,0.07429126408395484,100,0.41,0.805222850137674,0.0805222850137674,100,0.97,1.1051303684693186,0.11051303684693185,100,0.56,0.7429126408395483,0.07429126408395484,100,0.41,0.805222850137674,0.0805222850137674,100
396.5,427.0,0.29,0.5182526976156113,0.051825269761561134,100,0.29,0.5182526976156113,0.051825269761561134,100,0.0,0.0,0.0,100,0.0,0.0,0.0,100,0.29,0.5182526976156113,0.051825269761561134,100,0.29,0.5182526976156113,0.051825269761561134,100,0.29,0.5182526976156113,0.051825269761561134,100,0.29,0.5182526976156113,0.051825269761561134,100,0.0,0.0,0.0,100,0.0,0.0,0.0,100,0.29,0.5182526976156113,0.051825269761561134,100,0.29,0.5182526976156113,0.051825269761561134,100,0.29,0.5182526976156113,0.051825269761561134,100,0.29,0.5182526976156113,0.051825269761561134,100,0.0,0.0,0.0,100,0.0,0.0,0.0,100,0.29,0.5182526976156113,0.051825269761561134,100,0.29,0.5182526976156113,0.051825269761561134,100,0.29,0.5182526976156113,0.051825269761561134,100,0.29,0.5182526976156113,0.051825269761561134,100,0.0,0.0,0.0,100,0.0,0.0,0.0,100,0.29,0.5182526976156113,0.051825269761561134,100,0.29,0.5182526976156113,0.051825269761561134,100,0.83,0.9954949025535489,0.0995494902553549,100,0.56,0.8080404030302523,0.08080404030302522,100,0.27,0.5478147589295221,0.054781475892952215,100,0.83,0.9954949025535489,0.0995494902553549,100,0.56,0.8080404030302523,0.08080404030302522,100,0.27,0.5478147589295221,0.054781475892952215,100
427.0,457.5,0.37,0.6614187383758847,0.06614187383758847,100,0.37,0.6614187383758847,0.06614187383758847,100,0.0,0.0,0.0,100,0.0,0.0,0.0,100,0.37,0.6614187383758847,0.06614187383758847,100,0.37,0.6614187383758847,0.06614187383758847,100,0.37,0.6614187383758847,0.06614187383758847,100,0.37,0.6614187383758847,0.06614187383758847,100,0.0,0.0,0.0,100,0.0,0.0,0.0,100,0.37,0.6614187383758847,0.06614187383758847,100,0.37,0.6614187383758847,0.06614187383758847,100,0.37,0.6614187383758847,0.06614187383758847,100,0.37,0.6614187383758847,0.06614187383758847,100,0.0,0.0,0.0,100,0.0,0.0,0.0,100,0.37,0.6614187383758847,0.06614187383758847,100,0.37,0.6614187383758847,0.06614187383758847,100,0.37,0.6614187383758847,0.06614187383758847,100,0.37,0.6614187383758847,0.06614187383758847,100,0.0,0.0,0.0,100,0.0,0.0,0.0,100,0.37,0.6614187383758847,0.06614187383758847,100,0.37,0.6614187383758847,0.06614187383758847,100,1.03,0.9476712552783313,0.09476712552783313,100,0.86,0.9103223982122312,0.09103223982122312,100,0.17,0.37752516806863706,0.03775251680686371,100,1.03,0.9476712552783313,0.09476712552783313,100,0.86,0.9103223982122312,0.09103223982122312,100,0.17,0.37752516806863706,0.03775251680686371,100
457.5,488.0,0.23,0.4682872294787991,0.04682872294787991,100,0.23,0.4682872294787991,0.04682872294787991,100,0.0,0.0,0.0,100,0.0,0.0,0.0,100,0.23,0.4682872294787991,0.04682872294787991,100,0.23,0.4682872294787991,0.04682872294787991,100,0.23,0.4682872294787991,0.04682872294787991,100,0.23,0.4682872294787991,0.04682872294787991,100,0.0,0.0,0.0,100,0.0,0.0,0.0,100,0.23,0.4682872294787991,0.04682872294787991,100,0.23,0.4682872294787991,0.04682872294787991,100,0.23,0.4682872294787991,0.04682872294787991,100,0.23,0.4682872294787991,0.04682872294787991,100,0.0,0.0,0.0,100,0.0,0.0,0.0,100,0.23,0.4682872294787991,0.04682872294787991,100,0.23,0.4682872294787991,0.04682872294787991,100,0.23,0.4682872294787991,0.04682872294787991,100,0.23,0.4682872294787991,0.04682872294787991,100,0.0,0.0,0.0,100,0.0,0.0,0.0,100,0.23,0.4682872294787991,0.04682872294787991,100,0.23,0.4682872294787991,0.04682872294787991,100,0.8,0.8989331499509897,0.08989331499509898,100,0.58,0.7272474743090476,0.07272474743090476,100,0.22,0.4836728170358496,0.04836728170358496,100,0.8,0.8989331499509897,0.08989331499509898,100,0.58,0.7272474743090476,0.07272474743090476,100,0.22,0.4836728170358496,0.04836728170358496,100
488.0,518.5,0.27,0.529054808029367,0.0529054808029367,100,0.27,0.529054808029367,0.0529054808029367,100,0.0,0.0,0.0,100,0.0,0.0,0.0,100,0.27,0.529054808029367,0.0529054808029367,100,0.27,0.529054808029367,0.0529054808029367,100,0.27,0.529054808029367,0.0529054808029367,100,0.27,0.529054808029367,0.0529054808029367,100,0.0,0.0,0.0,100,0.0,0.0,0.0,100,0.27,0.529054808029367,0.0529054808029367,100,0.27,0.529054808029367,0.0529054808029367,100,0.27,0.529054808029367,0.0529054808029367,100,0.27,0.529054808029367,0.0529054808029367,100,0.0,0.0,0.0,100,0.0,0.0,0.0,100,0.27,0.529054808029367,0.0529054808029367,100,0.27,0.529054808029367,0.0529054808029367,100,0.27,0.529054808029367,0.0529054808029367,100,0.27,0.529054808029367,0.0529054808029367,100,0.0,0.0,0.0,100,0.0,0.0,0.0,100,0.27,0.529054808029367,0.0529054808029367,100,0.27,0.529054808029367,0.0529054808029367,100,0.73,0.7634980634744872,0.07634980634744873,100,0.57,0.6999999999999998,0.06999999999999998,100,0.16,0.368452949177471,0.0368452949177471,100,0.73,0.7634980634744872,0.07634980634744873,100,0.57,0.6999999999999998,0.06999999999999998,100,0.16,0.368452949177471,0.0368452949177471,100
518.5,549.0,0.39,0.584220105194208,0.058422010519420794,100,0.39,0.584220105194208,0.058422010519420794,100,0.0,0.0,0.0,100,0.0,0.0,0.0,100,0.39,0.584220105194208,0.058422010519420794,100,0.39,0.584220105194208,0.058422010519420794,100,0.39,0.584220105194208,0.058422010519420794,100,0.39,0.584220105194208,0.058422010519420794,100,0.0,0.0,0.0,100,0.0,0.0,0.0,100,0.39,0.584220105194208,0.058422010519420794,100,0.39,0.584220105194208,0.058422010519420794,100,0.39,0.584220105194208,0.058422010519420794,100,0.39,0.584220105194208,0.058422010519420794,100,0.0,0.0,0.0,100,0.0,0.0,0.0,100,0.39,0.584220105194208,0.058422010519420794,100,0.39,0.584220105194208,0.058422010519420794,100,0.39,0.584220105194208,0.058422010519420794,100,0.39,0.584220105194208,0.058422010519420794,100,0.0,0.0,0.0,100,0.0,0.0,0.0,100,0.39,0.584220105194208,0.058422010519420794,100,0.39,0.584220105194208,0.058422010519420794,100,0.85,0.8453676505795946,0.08453676505795946,100,0.69,0.7613783354528615,0.07613783354528615,100,0.16,0.44312936752559845,0.044312936752559845,100,0.85,0.8453676505795946,0.08453676505795946,100,0.69,0.7613783354528615,0.07613783354528615,100,0.16,0.44312936752559845,0.044312936752559845,100
549.0,579.5,0.35,0.5573204290227124,0.05573204290227124,100,0.35,0.5573204290227124,0.05573204290227124,100,0.0,0.0,0.0,100,0.0,0.0,0.0,100,0.35,0.5573204290227124,0.05573204290227124,100,0.35,0.5573204290227124,0.05573204290227124,100,0.35,0.5573204290227124,0.05573204290227124,100,0.35,0.5573204290227124,0.05573204290227124,100,0.0,0.0,0.0,100,0.0,0.0,0.0,100,0.35,0.5573204290227124,0.05573204290227124,100,0.35,0.5573204290227124,0.05573204290227124,100,0.35,0.5573204290227124,0.05573204290227124,100,0.35,0.5573204290227124,0.05573204290227124,100,0.0,0.0,0.0,100,0.0,0.0,0.0,100,0.35,0.5573204290227124,0.05573204290227124,100,0.35,0.5573204290227124,0.05573204290227124,100,0.35,0.5573204290227124,0.05573204290227124,100,0.35,0.5573204290227124,0.05573204290227124,100,0.0,0.0,0.0,100,0.0,0.0,0.0,100,0.35,0.5573204290227124,0.05573204290227124,100,0.35,0.5573204290227124,0.05573204290227124,100,0.77,0.9195409482755813,0.09195409482755813,100,0.5,0.6435381994422819,0.06435381994422819,100,0.27,0.6333333333333329,0.06333333333333328,100,0.77,0.9195409482755813,0.09195409482755813,100,0.5,0.6435381994422819,0.06435381994422819,100,0.27,0.6333333333333329,0.06333333333333328,100
579.5,610.0,0.36,0.5777000724747868,0.05777000724747868,100,0.36,0.5777000724747868,0.05777000724747868,100,0.0,0.0,0.0,100,0.0,0.0,0.0,100,0.36,0.5777000724747868,0.05777000724747868,100,0.36,0.5777000724747868,0.05777000724747868,100,0.36,0.5777000724747868,0.05777000724747868,100,0.36,0.5777000724747868,0.05777000724747868,100,0.0,0.0,0.0,100,0.0,0.0,0.0,100,0.36,0.5777000724747868,0.05777000724747868,100,0.36,0.5777000724747868,0.05777000724747868,100,0.36,0.5777000724747868,0.05777000724747868,100,0.36,0.5777000724747868,0.05777000724747868,100,0.0,0.0,0.0,100,0.0,0.0,0.0,100,0.36,0.5777000724747868,0.05777000724747868,100,0.36,0.5777000724747868,0.05777000724747868,100,0.36,0.5777000724747868,0.05777000724747868,100,0.36,0.5777000724747868,0.05777000724747868,100,0.0,0.0,0.0,100,0.0,0.0,0.0,100,0.36,0.5777000724747868,0.05777000724747868,100,0.36,0.5777000724747868,0.05777000724747868,100,0.75,0.9987365756167877,0.09987365756167878,100,0.61,0.8749603165604466,0.08749603165604466,100,0.14,0.42687494916219004,0.042687494916219,100,0.75,0.9987365756167877,0.09987365756167878,100,0.61,0.8749603165604466,0.08749603165604466,100,0.14,0.42687494916219004,0.042687494916219,100
610.0,640.5,0.27,0.547814758929522,0.0547814758929522,100,0.27,0.547814758929522,0.0547814758929522,100,0.0,0.0,0.0,100,0.0,0.0,0.0,100,0.27,0.547814758929522,0.0547814758929522,100,0.27,0.547814758929522,0.0547814758929522,100,0.27,0.547814758929522,0.0547814758929522,100,0.27,0.547814758929522,0.0547814758929522,100,0.0,0.0,0.0,100,0.0,0.0,0.0,100,0.27,0.547814758929522,0.0547814758929522,100,0.27,0.547814758929522,0.0547814758929522,100,0.27,0.547814758929522,0.0547814758929522,100,0.27,0.547814758929522,0.0547814758929522,100,0.0,0.0,0.0,100,0.0,0.0,0.0,100,0.27,0.547814758929522,0.0547814758929522,100,0.27,0.547814758929522,0.0547814758929522,100,0.27,0.547814758929522,0.0547814758929522,100,0.27,0.547814758929522,0.0547814758929522,100,0.0,0.0,0.0,100,0.0,0.0,0.0,100,0.27,0.547814758929522,0.0547814758929522,100,0.27,0.547814758929522,0.0547814758929522,100,0.75,0.9142530206997327,0.09142530206997326,100,0.6,0.8287754140107475,0.08287754140107476,100,0.15,0.3859920970562733,0.03859920970562733,100,0.75,0.9142530206997327,0.09142530206997326,100,0.6,0.8287754140107475,0.08287754140107476,100,0.15,0.3859920970562733,0.03859920970562733,100
640.5,671.0,0.19,0.39427724440366235,0.039427724440366234,100,0.19,0.39427724440366235,0.039427724440366234,100,0.0,0.0,0.0,100,0.0,0.0,0.0,100,0.19,0.39427724440366235,0.039427724440366234,100,0.19,0.39427724440366235,0.039427724440366234,100,0.19,0.39427724440366235,0.039427724440366234,100,0.19,0.39427724440366235,0.039427724440366234,100,0.0,0.0,0.0,100,0.0,0.0,0.0,100,0.19,0.39427724440366235,0.039427724440366234,100,0.19,0.39427724440366235,0.039427724440366234,100,0.19,0.39427724440366235,0.039427724440366234,100,0.19,0.39427724440366235,0.039427724440366234,100,0.0,0.0,0.0,100,0.0,0.0,0.0,100,0.19,0.39427724440366235,0.039427724440366234,100,0.19,0.39427724440366235,0.039427724440366234,100,0.19,0.39427724440366235,0.039427724440366234,100,0.19,0.39427724440366235,0.039427724440366234,100,0.0,0.0,0.0,100,0.0,0.0,0.0,100,0.19,0.39427724440366235,0.039427724440366234,100,0.19,0.39427724440366235,0.039427724440366234,100,0.59,0.7533762390570587,0.07533762390570588,100,0.45,0.6723244767373879,0.06723244767373879,100,0.14,0.3765875486765089,0.03765875486765089,100,0.59,0.7533762390570587,0.07533762390570588,100,0.45,0.6723244767373879,0.06723244767373879,100,0.14,0.3765875486765089,0.03765875486765089,100
671.0,701.5,0.27,0.46828722947879925,0.046828722947879924,100,0.27,0.46828722947879925,0.046828722947879924,100,0.0,0.0,0.0,100,0.0,0.0,0.0,100,0.27,0.46828722947879925,0.046828722947879924,100,0.27,0.46828722947879925,0.046828722947879924,100,0.27,0.46828722947879925,0.046828722947879924,100,0.27,0.46828722947879925,0.046828722947879924,100,0.0,0.0,0.0,100,0.0,0.0,0.0,100,0.27,0.46828722947879925,0.046828722947879924,100,0.27,0.46828722947879925,0.046828722947879924,100,0.27,0.46828722947879925,0.046828722947879924,100,0.27,0.46828722947879925,0.046828722947879924,100,0.0,0.0,0.0,100,0.0,0.0,0.0,100,0.27,0.46828722947879925,0.046828722947879924,100,0.27,0.46828722947879925,0.046828722947879924,100,0.27,0.46828722947879925,0.046828722947879924,100,0.27,0.46828722947879925,0.046828722947879924,100,0.0,0.0,0.0,100,0.0,0.0,0.0,100,0.27,0.46828722947879925,0.046828722947879924,100,0.27,0.46828722947879925,0.046828722947879924,100,0.72,0.8418354166265926,0.08418354166265926,100,0.54,0.6730002176294544,0.06730002176294544,100,0.18,0.4353101761904373,0.04353101761904373,100,0.72,0.8418354166265926,0.08418354166265926,100,0.54,0.6730002176294544,0.06730002176294544,100,0.18,0.4353101761904373,0.04353101761904373,100
701.5,732.0,0.31,0.4860685407045246,0.04860685407045246,100,0.31,0.4860685407045246,0.04860685407045246,100,0.0,0.0,0.0,100,0.0,0.0,0.0,100,0.31,0.4860685407045246,0.04860685407045246,100,0.31,0.4860685407045246,0.04860685407045246,100,0.31,0.4860685407045246,0.04860685407045246,100,0.31,0.4860685407045246,0.04860685407045246,100,0.0,0.0,0.0,100,0.0,0.0,0.0,100,0.31,0.4860685407045246,0.04860685407045246,100,0.31,0.4860685407045246,0.04860685407045246,100,0.31,0.4860685407045246,0.04860685407045246,100,0.31,0.4860685407045246,0.04860685407045246,100,0.0,0.0,0.0,100,0.0,0.0,0.0,100,0.31,0.4860685407045246,0.04860685407045246,100,0.31,0.4860685407045246,0.04860685407045246,100,0.31,0.4860685407045246,0.04860685407045246,100,0.31,0.4860685407045246,0.04860685407045246,100,0.0,0.0,0.0,100,0.0,0.0,0.0,100,0.31,0.4860685407045246,0.04860685407045246,100,0.31,0.4860685407045246,0.04860685407045246,100,0.65,0.7703468981143127,0.07703468981143127,100,0.56,0.7291893935852137,0.07291893935852137,100,0.09,0.2876234912646614,0.028762349126466143,100,0.65,0.7703468981143127,0.07703468981143127,100,0.56,0.7291893935852137,0.07291893935852137,100,0.09,0.2876234912646614,0.028762349126466143,100
732.0,762.5,0.3,0.5595813731096781,0.05595813731096781,100,0.3,0.5595813731096781,0.05595813731096781,100,0.0,0.0,0.0,100,0.0,0.0,0.0,100,0.3,0.5595813731096781,0.05595813731096781,100,0.3,0.5595813731096781,0.05595813731096781,100,0.3,0.5595813731096781,0.05595813731096781,100,0.3,0.5595813731096781,0.05595813731096781,100,0.0,0.0,0.0,100,0.0,0.0,0.0,100,0.3,0.5595813731096781,0.05595813731096781,100,0.3,0.5595813731096781,0.05595813731096781,100,0.3,0.5595813731096781,0.05595813731096781,100,0.3,0.5595813731096781,0.05595813731096781,100,0.0,0.0,0.0,100,0.0,0.0,0.0,100,0.3,0.5595813731096781,0.05595813731096781,100,0.3,0.5595813731096781,0.05595813731096781,100,0.3,0.5595813731096781,0.05595813731096781,100,0.3,0.5595813731096781,0.05595813731096781,100,0.0,0.0,0.0,100,0.0,0.0,0.0,100,0.3,0.5595813731096781,0.05595813731096781,100,0.3,0.5595813731096781,0.05595813731096781,100,0.69,0.7343656645656367,0.07343656645656367,100,0.52,0.6587407638361193,0.06587407638361194,100,0.17,0.4507009131689365,0.04507009131689365,100,0.69,0.7343656645656367,0.07343656645656367,100,0.52,0.6587407638361193,0.06587407638361194,100,0.17,0.4507009131689365,0.04507009131689365,100
762.5,793.0,0.19,0.44255913261233903,0.0442559132612339,100,0.19,0.44255913261233903,0.0442559132612339,100,0.0,0.0,0.0,100,0.0,0.0,0.0,100,0.19,0.44255913261233903,0.0442559132612339,100,0.19,0.44255913261233903,0.0442559132612339,100,0.19,0.44255913261233903,0.0442559132612339,100,0.19,0.44255913261233903,0.0442559132612339,100,0.0,0.0,0.0,100,0.0,0.0,0.0,100,0.19,0.44255913261233903,0.0442559132612339,100,0.19,0.44255913261233903,0.0442559132612339,100,0.19,0.44255913261233903,0.0442559132612339,100,0.19,0.44255913261233903,0.0442559132612339,100,0.0,0.0,0.0,100,0.0,0.0,0.0,100,0.19,0.44255913261233903,0.0442559132612339,100,0.19,0.44255913261233903,0.0442559132612339,100,0.19,0.44255913261233903,0.0442559132612339,100,0.19,0.44255913261233903,0.0442559132612339,100,0.0,0.0,0.0,100,0.0,0.0,0.0,100,0.19,0.44255913261233903,0.0442559132612339,100,0.19,0.44255913261233903,0.0442559132612339,100,0.73,0.7766152928775693,0.07766152928775692,100,0.5,0.6890192121758832,0.06890192121758833,100,0.23,0.4682872294787989,0.04682872294787989,100,0.73,0.7766152928775693,0.07766152928775692,100,0.5,0.6890192121758832,0.06890192121758833,100,0.23,0.4682872294787989,0.04682872294787989,100
793.0,823.5,0.27,0.5478147589295222,0.05478147589295222,100,0.27,0.5478147589295222,0.05478147589295222,100,0.0,0.0,0.0,100,0.0,0.0,0.0,100,0.27,0.5478147589295222,0.05478147589295222,100,0.27,0.5478147589295222,0.05478147589295222,100,0.27,0.5478147589295222,0.05478147589295222,100,0.27,0.5478147589295222,0.05478147589295222,100,0.0,0.0,0.0,100,0.0,0.0,0.0,100,0.27,0.5478147589295222,0.05478147589295222,100,0.27,0.5478147589295222,0.05478147589295222,100,0.27,0.5478147589295222,0.05478147589295222,100,0.27,0.5478147589295222,0.05478147589295222,100,0.0,0.0,0.0,100,0.0,0.0,0.0,100,0.27,0.5478147589295222,0.05478147589295222,100,0.27,0.5478147589295222,0.05478147589295222,100,0.27,0.5478147589295222,0.05478147589295222,100,0.27,0.5478147589295222,0.05478147589295222,100,0.0,0.0,0.0,100,0.0,0.0,0.0,100,0.27,0.5478147589295222,0.05478147589295222,100,0.27,0.5478147589295222,0.05478147589295222,100,0.6,0.738548945875996,0.0738548945875996,100,0.47,0.6269212893420538,0.06269212893420538,100,0.13,0.39325114703769704,0.039325114703769704,100,0.6,0.738548945875996,0.0738548945875996,100,0.47,0.6269212893420538,0.06269212893420538,100,0.13,0.39325114703769704,0.039325114703769704,100
823.5,854.0,0.19,0.39427724440366235,0.039427724440366234,100,0.19,0.39427724440366235,0.039427724440366234,100,0.0,0.0,0.0,100,0.0,0.0,0.0,100,0.19,0.39427724440366235,0.039427724440366234,100,0.19,0.39427724440366235,0.039427724440366234,100,0.19,0.39427724440366235,0.039427724440366234,100,0.19,0.39427724440366235,0.039427724440366234,100,0.0,0.0,0.0,100,0.0,0.0,0.0,100,0.19,0.39427724440366235,0.039427724440366234,100,0.19,0.39427724440366235,0.039427724440366234,100,0.19,0.39427724440366235,0.039427724440366234,100,0.19,0.39427724440366235,0.039427724440366234,100,0.0,0.0,0.0,100,0.0,0.0,0.0,100,0.19,0.39427724440366235,0.039427724440366234,100,0.19,0.39427724440366235,0.039427724440366234,100,0.19,0.39427724440366235,0.039427724440366234,100,0.19,0.39427724440366235,0.039427724440366234,100,0.0,0.0,0.0,100,0.0,0.0,0.0,100,0.19,0.39427724440366235,0.039427724440366234,100,0.19,0.39427724440366235,0.039427724440366234,100,0.59,0.792579218868259,0.0792579218868259,100,0.49,0.7587203474644431,0.0758720347464443,100,0.1,0.30151134457776346,0.030151134457776348,100,0.59,0.792579218868259,0.0792579218868259,100,0.49,0.7587203474644431,0.0758720347464443,100,0.1,0.30151134457776346,0.030151134457776348,100
854.0,884.5,0.13,0.39325114703769704,0.039325114703769704,100,0.13,0.39325114703769704,0.039325114703769704,100,0.0,0.0,0.0,100,0.0,0.0,0.0,100,0.13,0.39325114703769704,0.039325114703769704,100,0.13,0.39325114703769704,0.039325114703769704,100,0.13,0.39325114703769704,0.039325114703769704,100,0.13,0.39325114703769704,0.039325114703769704,100,0.0,0.0,0.0,100,0.0,0.0,0.0,100,0.13,0.39325114703769704,0.039325114703769704,100,0.13,0.39325114703769704,0.039325114703769704,100,0.13,0.39325114703769704,0.039325114703769704,100,0.13,0.39325114703769704,0.039325114703769704,100,0.0,0.0,0.0,100,0.0,0.0,0.0,100,0.13,0.39325114703769704,0.039325114703769704,100,0.13,0.39325114703769704,0.039325114703769704,100,0.13,0.39325114703769704,0.039325114703769704,100,0.13,0.39325114703769704,0.039325114703769704,100,0.0,0.0,0.0,100,0.0,0.0,0.0,100,0.13,0.39325114703769704,0.039325114703769704,100,0.13,0.39325114703769704,0.039325114703769704,100,0.39,0.6947857747012903,0.06947857747012903,100,0.3,0.5773502691896257,0.057735026918962574,100,0.09,0.2876234912646614,0.028762349126466143,100,0.39,0.6947857747012903,0.06947857747012903,100,0.3,0.5773502691896257,0.057735026918962574,100,0.09,0.2876234912646614,0.028762349126466143,100
884.5,915.0,0.17,0.40339468604243267,0.04033946860424327,100,0.17,0.40339468604243267,0.04033946860424327,100,0.0,0.0,0.0,100,0.0,0.0,0.0,100,0.17,0.40339468604243267,0.04033946860424327,100,0.17,0.40339468604243267,0.04033946860424327,100,0.17,0.40339468604243267,0.04033946860424327,100,0.17,0.40339468604243267,0.04033946860424327,100,0.0,0.0,0.0,100,0.0,0.0,0.0,100,0.17,0.40339468604243267,0.04033946860424327,100,0.17,0.40339468604243267,0.04033946860424327,100,0.17,0.40339468604243267,0.04033946860424327,100,0.17,0.40339468604243267,0.04033946860424327,100,0.0,0.0,0.0,100,0.0,0.0,0.0,100,0.17,0.40339468604243267,0.04033946860424327,100,0.17,0.40339468604243267,0.04033946860424327,100,0.17,0.40339468604243267,0.04033946860424327,100,0.17,0.40339468604243267,0.04033946860424327,100,0.0,0.0,0.0,100,0.0,0.0,0.0,100,0.17,0.40339468604243267,0.04033946860424327,100,0.17,0.40339468604243267,0.04033946860424327,100,0.52,0.7974707492815,0.07974707492815,100,0.32,0.6337319319839907,0.06337319319839907,100,0.2,0.4714045207910314,0.04714045207910314,100,0.52,0.7974707492815,0.07974707492815,100,0.32,0.6337319319839907,0.06337319319839907,100,0.2,0.4714045207910314,0.04714045207910314,100
915.0,945.5,0.25,0.519809599951771,0.0519809599951771,100,0.25,0.519809599951771,0.0519809599951771,100,0.0,0.0,0.0,100,0.0,0.0,0.0,100,0.25,0.519809599951771,0.0519809599951771,100,0.25,0.519809599951771,0.0519809599951771,100,0.25,0.519809599951771,0.0519809599951771,100,0.25,0.519809599951771,0.0519809599951771,100,0.0,0.0,0.0,100,0.0,0.0,0.0,100,0.25,0.519809599951771,0.0519809599951771,100,0.25,0.519809599951771,0.0519809599951771,100,0.25,0.519809599951771,0.0519809599951771,100,0.25,0.519809599951771,0.0519809599951771,100,0.0,0.0,0.0,100,0.0,0.0,0.0,100,0.25,0.519809599951771,0.0519809599951771,100,0.25,0.519809599951771,0.0519809599951771,100,0.25,0.519809599951771,0.0519809599951771,100,0.25,0.519809599951771,0.0519809599951771,100,0.0,0.0,0.0,100,0.0,0.0,0.0,100,0.25,0.519809599951771,0.0519809599951771,100,0.25,0.519809599951771,0.0519809599951771,100,0.52,0.6739001514626737,0.06739001514626737,100,0.34,0.5359782899266794,0.05359782899266794,100,0.18,0.4353101761904371,0.04353101761904371,100,0.52,0.6739001514626737,0.06739001514626737,100,0.34,0.5359782899266794,0.05359782899266794,100,0.18,0.4353101761904371,0.04353101761904371,100
945.5,976.0,0.22,0.43992653197477627,0.043992653197477624,100,0.22,0.43992653197477627,0.043992653197477624,100,0.0,0.0,0.0,100,0.0,0.0,0.0,100,0.22,0.43992653197477627,0.043992653197477624,100,0.22,0.43992653197477627,0.043992653197477624,100,0.22,0.43992653197477627,0.043992653197477624,100,0.22,0.43992653197477627,0.043992653197477624,100,0.0,0.0,0.0,100,0.0,0.0,0.0,100,0.22,0.43992653197477627,0.043992653197477624,100,0.22,0.43992653197477627,0.043992653197477624,100,0.22,0.43992653197477627,0.043992653197477624,100,0.22,0.43992653197477627,0.043992653197477624,100,0.0,0.0,0.0,100,0.0,0.0,0.0,100,0.22,0.43992653197477627,0.043992653197477624,100,0.22,0.43992653197477627,0.043992653197477624,100,0.22,0.43992653197477627,0.043992653197477624,100,0.22,0.43992653197477627,0.043992653197477624,100,0.0,0.0,0.0,100,0.0,0.0,0.0,100,0.22,0.43992653197477627,0.043992653197477624,100,0.22,0.43992653197477627,0.043992653197477624,100,0.47,0.7028800779936819,0.0702880077993682,100,0.36,0.5777000724747867,0.057770007247478675,100,0.11,0.34509550720186033,0.034509550720186036,100,0.47,0.7028800779936819,0.0702880077993682,100,0.36,0.5777000724747867,0.057770007247478675,100,0.11,0.34509550720186033,0.034509550720186036,100
976.0,1006.5,0.16,0.3684529491774709,0.03684529491774709,100,0.16,0.3684529491774709,0.03684529491774709,100,0.0,0.0,0.0,100,0.0,0.0,0.0,100,0.16,0.3684529491774709,0.03684529491774709,100,0.16,0.3684529491774709,0.03684529491774709,100,0.16,0.3684529491774709,0.03684529491774709,100,0.16,0.3684529491774709,0.03684529491774709,100,0.0,0.0,0.0,100,0.0,0.0,0.0,100,0.16,0.3684529491774709,0.03684529491774709,100,0.16,0.3684529491774709,0.03684529491774709,100,0.16,0.3684529491774709,0.03684529491774709,100,0.16,0.3684529491774709,0.03684529491774709,100,0.0,0.0,0.0,100,0.0,0.0,0.0,100,0.16,0.3684529491774709,0.03684529491774709,100,0.16,0.3684529491774709,0.03684529491774709,100,0.16,0.3684529491774709,0.03684529491774709,100,0.16,0.3684529491774709,0.03684529491774709,100,0.0,0.0,0.0,100,0.0,0.0,0.0,100,0.16,0.3684529491774709,0.03684529491774709,100,0.16,0.3684529491774709,0.03684529491774709,100,0.57,0.7282884321503672,0.07282884321503671,100,0.44,0.6407066805528493,0.06407066805528493,100,0.13,0.3932511470376971,0.03932511470376971,100,0.57,0.7282884321503672,0.07282884321503671,100,0.44,0.6407066805528493,0.06407066805528493,100,0.13,0.3932511470376971,0.03932511470376971,100
1006.5,1037.0,0.1,0.30151134457776346,0.030151134457776348,100,0.1,0.30151134457776346,0.030151134457776348,100,0.0,0.0,0.0,100,0.0,0.0,0.0,100,0.1,0.30151134457776346,0.030151134457776348,100,0.1,0.30151134457776346,0.030151134457776348,100,0.1,0.30151134457776346,0.030151134457776348,100,0.1,0.30151134457776346,0.030151134457776348,100,0.0,0.0,0.0,100,0.0,0.0,0.0,100,0.1,0.30151134457776346,0.030151134457776348,100,0.1,0.30151134457776346,0.030151134457776348,100,0.1,0.30151134457776346,0.030151134457776348,100,0.1,0.30151134457776346,0.030151134457776348,100,0.0,0.0,0.0,100,0.0,0.0,0.0,100,0.1,0.30151134457776346,0.030151134457776348,100,0.1,0.30151134457776346,0.030151134457776348,100,0.1,0.30151134457776346,0.030151134457776348,100,0.1,0.30151134457776346,0.030151134457776348,100,0.0,0.0,0.0,100,0.0,0.0,0.0,100,0.1,0.30151134457776346,0.030151134457776348,100,0.1,0.30151134457776346,0.030151134457776348,100,0.55,0.7436600722307899,0.07436600722307898,100,0.46,0.702376916856849,0.0702376916856849,100,0.09,0.2876234912646613,0.02876234912646613,100,0.55,0.7436600722307899,0.07436600722307898,100,0.46,0.702376916856849,0.0702376916856849,100,0.09,0.2876234912646613,0.02876234912646613,100
1037.0,1067.5,0.15,0.41132945334843163,0.041132945334843164,100,0.15,0.41132945334843163,0.041132945334843164,100,0.0,0.0,0.0,100,0.0,0.0,0.0,100,0.15,0.41132945334843163,0.041132945334843164,100,0.15,0.41132945334843163,0.041132945334843164,100,0.15,0.41132945334843163,0.041132945334843164,100,0.15,0.41132945334843163,0.041132945334843164,100,0.0,0.0,0.0,100,0.0,0.0,0.0,100,0.15,0.41132945334843163,0.041132945334843164,100,0.15,0.41132945334843163,0.041132945334843164,100,0.15,0.41132945334843163,0.041132945334843164,100,0.15,0.41132945334843163,0.041132945334843164,100,0.0,0.0,0.0,100,0.0,0.0,0.0,100,0.15,0.41132945334843163,0.041132945334843164,100,0.15,0.41132945334843163,0.041132945334843164,100,0.15,0.41132945334843163,0.041132945334843164,100,0.15,0.41132945334843163,0.041132945334843164,100,0.0,0.0,0.0,100,0.0,0.0,0.0,100,0.15,0.41132945334843163,0.041132945334843164,100,0.15,0.41132945334843163,0.041132945334843164,100,0.39,0.6178326405404393,0.061783264054043927,100,0.32,0.5482755334738731,0.054827553347387314,100,0.07,0.293188669562103,0.029318866956210297,100,0.39,0.6178326405404393,0.061783264054043927,100,0.32,0.5482755334738731,0.054827553347387314,100,0.07,0.293188669562103,0.029318866956210297,100
1067.5,1098.0,0.14,0.34873508801977704,0.034873508801977704,100,0.14,0.34873508801977704,0.034873508801977704,100,0.0,0.0,0.0,100,0.0,0.0,0.0,100,0.14,0.34873508801977704,0.034873508801977704,100,0.14,0.34873508801977704,0.034873508801977704,100,0.14,0.34873508801977704,0.034873508801977704,100,0.14,0.34873508801977704,0.034873508801977704,100,0.0,0.0,0.0,100,0.0,0.0,0.0,100,0.14,0.34873508801977704,0.034873508801977704,100,0.14,0.34873508801977704,0.034873508801977704,100,0.14,0.34873508801977704,0.034873508801977704,100,0.14,0.34873508801977704,0.034873508801977704,100,0.0,0.0,0.0,100,0.0,0.0,0.0,100,0.14,0.34873508801977704,0.034873508801977704,100,0.14,0.34873508801977704,0.034873508801977704,100,0.14,0.34873508801977704,0.034873508801977704,100,0.14,0.34873508801977704,0.034873508801977704,100,0.0,0.0,0.0,100,0.0,0.0,0.0,100,0.14,0.34873508801977704,0.034873508801977704,100,0.14,0.34873508801977704,0.034873508801977704,100,0.45,0.5924610544247622,0.059246105442476216,100,0.31,0.5448565745851716,0.054485657458517155,100,0.14,0.348735088019777,0.0348735088019777,100,0.45,0.5924610544247622,0.059246105442476216,100,0.31,0.5448565745851716,0.054485657458517155,100,0.14,0.348735088019777,0.0348735088019777,100
1098.0,1128.5,0.15,0.35887028128263726,0.03588702812826373,100,0.15,0.35887028128263726,0.03588702812826373,100,0.0,0.0,0.0,100,0.0,0.0,0.0,100,0.15,0.35887028128263726,0.03588702812826373,100,0.15,0.35887028128263726,0.03588702812826373,100,0.15,0.35887028128263726,0.03588702812826373,100,0.15,0.35887028128263726,0.03588702812826373,100,0.0,0.0,0.0,100,0.0,0.0,0.0,100,0.15,0.35887028128263726,0.03588702812826373,100,0.15,0.35887028128263726,0.03588702812826373,100,0.15,0.35887028128263726,0.03588702812826373,100,0.15,0.35887028128263726,0.03588702812826373,100,0.0,0.0,0.0,100,0.0,0.0,0.0,100,0.15,0.35887028128263726,0.03588702812826373,100,0.15,0.35887028128263726,0.03588702812826373,100,0.15,0.35887028128263726,0.03588702812826373,100,0.15,0.35887028128263726,0.03588702812826373,100,0.0,0.0,0.0,100,0.0,0.0,0.0,100,0.15,0.35887028128263726,0.03588702812826373,100,0.15,0.35887028128263726,0.03588702812826373,100,0.48,0.7847022210734318,0.07847022210734318,100,0.22,0.462317395019238,0.0462317395019238,100,0.26,0.6133201579612523,0.061332015796125225,100,0.48,0.7847022210734318,0.07847022210734318,100,0.22,0.462317395019238,0.0462317395019238,100,0.26,0.6133201579612523,0.061332015796125225,100
1128.5,1159.0,0.21,0.4560480215720688,0.04560480215720688,100,0.21,0.4560480215720688,0.04560480215720688,100,0.0,0.0,0.0,100,0.0,0.0,0.0,100,0.21,0.4560480215720688,0.04560480215720688,100,0.21,0.4560480215720688,0.04560480215720688,100,0.21,0.4560480215720688,0.04560480215720688,100,0.21,0.4560480215720688,0.04560480215720688,100,0.0,0.0,0.0,100,0.0,0.0,0.0,100,0.21,0.4560480215720688,0.04560480215720688,100,0.21,0.4560480215720688,0.04560480215720688,100,0.21,0.4560480215720688,0.04560480215720688,100,0.21,0.4560480215720688,0.04560480215720688,100,0.0,0.0,0.0,100,0.0,0.0,0.0,100,0.21,0.4560480215720688,0.04560480215720688,100,0.21,0.4560480215720688,0.04560480215720688,100,0.21,0.4560480215720688,0.04560480215720688,100,0.21,0.4560480215720688,0.04560480215720688,100,0.0,0.0,0.0,100,0.0,0.0,0.0,100,0.21,0.4560480215720688,0.04560480215720688,100,0.21,0.4560480215720688,0.04560480215720688,100,0.6,0.7385489458759958,0.07385489458759958,100,0.48,0.6587407638361197,0.06587407638361197,100,0.12,0.35618630921006356,0.03561863092100635,100,0.6,0.7385489458759958,0.07385489458759958,100,0.48,0.6587407638361197,0.06587407638361197,100,0.12,0.35618630921006356,0.03561863092100635,100
1159.0,1189.5,0.15,0.38599209705627285,0.03859920970562729,100,0.15,0.38599209705627285,0.03859920970562729,100,0.0,0.0,0.0,100,0.0,0.0,0.0,100,0.15,0.38599209705627285,0.03859920970562729,100,0.15,0.38599209705627285,0.03859920970562729,100,0.15,0.38599209705627285,0.03859920970562729,100,0.15,0.38599209705627285,0.03859920970562729,100,0.0,0.0,0.0,100,0.0,0.0,0.0,100,0.15,0.38599209705627285,0.03859920970562729,100,0.15,0.38599209705627285,0.03859920970562729,100,0.15,0.38599209705627285,0.03859920970562729,100,0.15,0.38599209705627285,0.03859920970562729,100,0.0,0.0,0.0,100,0.0,0.0,0.0,100,0.15,0.38599209705627285,0.03859920970562729,100,0.15,0.38599209705627285,0.03859920970562729,100,0.15,0.38599209705627285,0.03859920970562729,100,0.15,0.38599209705627285,0.03859920970562729,100,0.0,0.0,0.0,100,0.0,0.0,0.0,100,0.15,0.38599209705627285,0.03859920970562729,100,0.15,0.38599209705627285,0.03859920970562729,100,0.46,0.6422812876966388,0.06422812876966388,100,0.36,0.559942276967326,0.0559942276967326,100,0.1,0.3333333333333332,0.03333333333333332,100,0.46,0.6422812876966388,0.06422812876966388,100,0.36,0.559942276967326,0.0559942276967326,100,0.1,0.3333333333333332,0.03333333333333332,100
1189.5,1220.0,0.09,0.32082595426382354,0.03208259542638235,100,0.09,0.32082595426382354,0.03208259542638235,100,0.0,0.0,0.0,100,0.0,0.0,0.0,100,0.09,0.32082595426382354,0.03208259542638235,100,0.09,0.32082595426382354,0.03208259542638235,100,0.09,0.32082595426382354,0.03208259542638235,100,0.09,0.32082595426382354,0.03208259542638235,100,0.0,0.0,0.0,100,0.0,0.0,0.0,100,0.09,0.32082595426382354,0.03208259542638235,100,0.09,0.32082595426382354,0.03208259542638235,100,0.09,0.32082595426382354,0.03208259542638235,100,0.09,0.32082595426382354,0.03208259542638235,100,0.0,0.0,0.0,100,0.0,0.0,0.0,100,0.09,0.32082595426382354,0.03208259542638235,100,0.09,0.32082595426382354,0.03208259542638235,100,0.09,0.32082595426382354,0.03208259542638235,100,0.09,0.32082595426382354,0.03208259542638235,100,0.0,0.0,0.0,100,0.0,0.0,0.0,100,0.09,0.32082595426382354,0.03208259542638235,100,0.09,0.32082595426382354,0.03208259542638235,100,0.46,0.6878454136877798,0.06878454136877798,100,0.31,0.5448565745851716,0.054485657458517155,100,0.15,0.4351941398892448,0.043519413988924484,100,0.46,0.6878454136877798,0.06878454136877798,100,0.31,0.5448565745851716,0.054485657458517155,100,0.15,0.4351941398892448,0.043519413988924484,100
1220.0,1250.5,0.11,0.3450955072018603,0.03450955072018603,100,0.11,0.3450955072018603,0.03450955072018603,100,0.0,0.0,0.0,100,0.0,0.0,0.0,100,0.11,0.3450955072018603,0.03450955072018603,100,0.11,0.3450955072018603,0.03450955072018603,100,0.11,0.3450955072018603,0.03450955072018603,100,0.11,0.3450955072018603,0.03450955072018603,100,0.0,0.0,0.0,100,0.0,0.0,0.0,100,0.11,0.3450955072018603,0.03450955072018603,100,0.11,0.3450955072018603,0.03450955072018603,100,0.11,0.3450955072018603,0.03450955072018603,100,0.11,0.3450955072018603,0.03450955072018603,100,0.0,0.0,0.0,100,0.0,0.0,0.0,100,0.11,0.3450955072018603,0.03450955072018603,100,0.11,0.3450955072018603,0.03450955072018603,100,0.11,0.3450955072018603,0.03450955072018603,100,0.11,0.3450955072018603,0.03450955072018603,100,0.0,0.0,0.0,100,0.0,0.0,0.0,100,0.11,0.3450955072018603,0.03450955072018603,100,0.11,0.3450955072018603,0.03450955072018603,100,0.37,0.6765181207305299,0.06765181207305299,100,0.31,0.6145541210314739,0.06145541210314739,100,0.06,0.23868325657594208,0.023868325657594208,100,0.37,0.6765181207305299,0.06765181207305299,100,0.31,0.6145541210314739,0.06145541210314739,100,0.06,0.23868325657594208,0.023868325657594208,100
1250.5,1281.0,0.12,0.38349798835288196,0.0383497988352882,100,0.12,0.38349798835288196,0.0383497988352882,100,0.0,0.0,0.0,100,0.0,0.0,0.0,100,0.12,0.38349798835288196,0.0383497988352882,100,0.12,0.38349798835288196,0.0383497988352882,100,0.12,0.38349798835288196,0.0383497988352882,100,0.12,0.38349798835288196,0.0383497988352882,100,0.0,0.0,0.0,100,0.0,0.0,0.0,100,0.12,0.38349798835288196,0.0383497988352882,100,0.12,0.38349798835288196,0.0383497988352882,100,0.12,0.38349798835288196,0.0383497988352882,100,0.12,0.38349798835288196,0.0383497988352882,100,0.0,0.0,0.0,100,0.0,0.0,0.0,100,0.12,0.38349798835288196,0.0383497988352882,100,0.12,0.38349798835288196,0.0383497988352882,100,0.12,0.38349798835288196,0.0383497988352882,100,0.12,0.38349798835288196,0.0383497988352882,100,0.0,0.0,0.0,100,0.0,0.0,0.0,100,0.12,0.38349798835288196,0.0383497988352882,100,0.12,0.38349798835288196,0.0383497988352882,100,0.51,0.703454678603025,0.0703454678603025,100,0.33,0.6039432711335344,0.06039432711335344,100,0.18,0.43531017619043744,0.043531017619043745,100,0.51,0.703454678603025,0.0703454678603025,100,0.33,0.6039432711335344,0.06039432711335344,100,0.18,0.43531017619043744,0.043531017619043745,100
1281.0,1311.5,0.14,0.47183287573701665,0.04718328757370167,100,0.14,0.47183287573701665,0.04718328757370167,100,0.0,0.0,0.0,100,0.0,0.0,0.0,100,0.14,0.47183287573701665,0.04718328757370167,100,0.14,0.47183287573701665,0.04718328757370167,100,0.14,0.47183287573701665,0.04718328757370167,100,0.14,0.47183287573701665,0.04718328757370167,100,0.0,0.0,0.0,100,0.0,0.0,0.0,100,0.14,0.47183287573701665,0.04718328757370167,100,0.14,0.47183287573701665,0.04718328757370167,100,0.14,0.47183287573701665,0.04718328757370167,100,0.14,0.47183287573701665,0.04718328757370167,100,0.0,0.0,0.0,100,0.0,0.0,0.0,100,0.14,0.47183287573701665,0.04718328757370167,100,0.14,0.47183287573701665,0.04718328757370167,100,0.14,0.47183287573701665,0.04718328757370167,100,0.14,0.47183287573701665,0.04718328757370167,100,0.0,0.0,0.0,100,0.0,0.0,0.0,100,0.14,0.47183287573701665,0.04718328757370167,100,0.14,0.47183287573701665,0.04718328757370167,100,0.34,0.6066966359563967,0.06066966359563967,100,0.24,0.49482166974424774,0.04948216697442477,100,0.1,0.36237153766973906,0.03623715376697391,100,0.34,0.6066966359563967,0.06066966359563967,100,0.24,0.49482166974424774,0.04948216697442477,100,0.1,0.36237153766973906,0.03623715376697391,100
1311.5,1342.0,0.16,0.39491720139745257,0.03949172013974526,100,0.16,0.39491720139745257,0.03949172013974526,100,0.0,0.0,0.0,100,0.0,0.0,0.0,100,0.16,0.39491720139745257,0.03949172013974526,100,0.16,0.39491720139745257,0.03949172013974526,100,0.16,0.39491720139745257,0.03949172013974526,100,0.16,0.39491720139745257,0.03949172013974526,100,0.0,0.0,0.0,100,0.0,0.0,0.0,100,0.16,0.39491720139745257,0.03949172013974526,100,0.16,0.39491720139745257,0.03949172013974526,100,0.16,0.39491720139745257,0.03949172013974526,100,0.16,0.39491720139745257,0.03949172013974526,100,0.0,0.0,0.0,100,0.0,0.0,0.0,100,0.16,0.39491720139745257,0.03949172013974526,100,0.16,0.39491720139745257,0.03949172013974526,100,0.16,0.39491720139745257,0.03949172013974526,100,0.16,0.39491720139745257,0.03949172013974526,100,0.0,0.0,0.0,100,0.0,0.0,0.0,100,0.16,0.39491720139745257,0.03949172013974526,100,0.16,0.39491720139745257,0.03949172013974526,100,0.35,0.6092717958449426,0.06092717958449426,100,0.29,0.5737524894864674,0.05737524894864674,100,0.06,0.2777979790634141,0.027779797906341407,100,0.35,0.6092717958449426,0.06092717958449426,100,0.29,0.5737524894864674,0.05737524894864674,100,0.06,0.2777979790634141,0.027779797906341407,100
1342.0,1372.5,0.17,0.4277023415055067,0.042770234150550666,100,0.17,0.4277023415055067,0.042770234150550666,100,0.0,0.0,0.0,100,0.0,0.0,0.0,100,0.17,0.4277023415055067,0.042770234150550666,100,0.17,0.4277023415055067,0.042770234150550666,100,0.17,0.4277023415055067,0.042770234150550666,100,0.17,0.4277023415055067,0.042770234150550666,100,0.0,0.0,0.0,100,0.0,0.0,0.0,100,0.17,0.4277023415055067,0.042770234150550666,100,0.17,0.4277023415055067,0.042770234150550666,100,0.17,0.4277023415055067,0.042770234150550666,100,0.17,0.4277023415055067,0.042770234150550666,100,0.0,0.0,0.0,100,0.0,0.0,0.0,100,0.17,0.4277023415055067,0.042770234150550666,100,0.17,0.4277023415055067,0.042770234150550666,100,0.17,0.4277023415055067,0.042770234150550666,100,0.17,0.4277023415055067,0.042770234150550666,100,0.0,0.0,0.0,100,0.0,0.0,0.0,100,0.17,0.4277023415055067,0.042770234150550666,100,0.17,0.4277023415055067,0.042770234150550666,100,0.42,0.6384957068585254,0.06384957068585254,100,0.32,0.5295319068800669,0.05295319068800669,100,0.1,0.3623715376697392,0.036237153766973916,100,0.42,0.6384957068585254,0.06384957068585254,100,0.32,0.5295319068800669,0.05295319068800669,100,0.1,0.3623715376697392,0.036237153766973916,100
1372.5,1403.0,0.11,0.399368187885502,0.039936818788550196,100,0.11,0.399368187885502,0.039936818788550196,100,0.0,0.0,0.0,100,0.0,0.0,0.0,100,0.11,0.399368187885502,0.039936818788550196,100,0.11,0.399368187885502,0.039936818788550196,100,0.11,0.399368187885502,0.039936818788550196,100,0.11,0.399368187885502,0.039936818788550196,100,0.0,0.0,0.0,100,0.0,0.0,0.0,100,0.11,0.399368187885502,0.039936818788550196,100,0.11,0.399368187885502,0.039936818788550196,100,0.11,0.399368187885502,0.039936818788550196,100,0.11,0.399368187885502,0.039936818788550196,100,0.0,0.0,0.0,100,0.0,0.0,0.0,100,0.11,0.399368187885502,0.039936818788550196,100,0.11,0.399368187885502,0.039936818788550196,100,0.11,0.399368187885502,0.039936818788550196,100,0.11,0.399368187885502,0.039936818788550196,100,0.0,0.0,0.0,100,0.0,0.0,0.0,100,0.11,0.399368187885502,0.039936818788550196,100,0.11,0.399368187885502,0.039936818788550196,100,0.34,0.5898125023079692,0.05898125023079692,100,0.27,0.5659532050470522,0.05659532050470521,100,0.07,0.25643239997624295,0.025643239997624294,100,0.34,0.5898125023079692,0.05898125023079692,100,0.27,0.5659532050470522,0.05659532050470521,100,0.07,0.25643239997624295,0.025643239997624294,100
1403.0,1433.5,0.09,0.2876234912646614,0.028762349126466143,100,0.09,0.2876234912646614,0.028762349126466143,100,0.0,0.0,0.0,100,0.0,0.0,0.0,100,0.09,0.2876234912646614,0.028762349126466143,100,0.09,0.2876234912646614,0.028762349126466143,100,0.09,0.2876234912646614,0.028762349126466143,100,0.09,0.2876234912646614,0.028762349126466143,100,0.0,0.0,0.0,100,0.0,0.0,0.0,100,0.09,0.2876234912646614,0.028762349126466143,100,0.09,0.2876234912646614,0.028762349126466143,100,0.09,0.2876234912646614,0.028762349126466143,100,0.09,0.2876234912646614,0.028762349126466143,100,0.0,0.0,0.0,100,0.0,0.0,0.0,100,0.09,0.2876234912646614,0.028762349126466143,100,0.09,0.2876234912646614,0.028762349126466143,100,0.09,0.2876234912646614,0.028762349126466143,100,0.09,0.2876234912646614,0.028762349126466143,100,0.0,0.0,0.0,100,0.0,0.0,0.0,100,0.09,0.2876234912646614,0.028762349126466143,100,0.09,0.2876234912646614,0.028762349126466143,100,0.37,0.6138963160572692,0.06138963160572693,100,0.29,0.5182526976156113,0.051825269761561134,100,0.08,0.3387439663632023,0.033874396636320234,100,0.37,0.6138963160572692,0.06138963160572693,100,0.29,0.5182526976156113,0.051825269761561134,100,0.08,0.3387439663632023,0.033874396636320234,100
1433.5,1464.0,0.1,0.33333333333333315,0.03333333333333331,100,0.1,0.33333333333333315,0.03333333333333331,100,0.0,0.0,0.0,100,0.0,0.0,0.0,100,0.1,0.33333333333333315,0.03333333333333331,100,0.1,0.33333333333333315,0.03333333333333331,100,0.1,0.33333333333333315,0.03333333333333331,100,0.1,0.33333333333333315,0.03333333333333331,100,0.0,0.0,0.0,100,0.0,0.0,0.0,100,0.1,0.33333333333333315,0.03333333333333331,100,0.1,0.33333333333333315,0.03333333333333331,100,0.1,0.33333333333333315,0.03333333333333331,100,0.1,0.33333333333333315,0.03333333333333331,100,0.0,0.0,0.0,100,0.0,0.0,0.0,100,0.1,0.33333333333333315,0.03333333333333331,100,0.1,0.33333333333333315,0.03333333333333331,100,0.1,0.33333333333333315,0.03333333333333331,100,0.1,0.33333333333333315,0.03333333333333331,100,0.0,0.0,0.0,100,0.0,0.0,0.0,100,0.1,0.33333333333333315,0.03333333333333331,100,0.1,0.33333333333333315,0.03333333333333331,100,0.35,0.538891492235719,0.053889149223571894,100,0.24,0.4948216697442475,0.04948216697442475,100,0.11,0.31446603773522036,0.031446603773522035,100,0.35,0.538891492235719,0.053889149223571894,100,0.24,0.4948216697442475,0.04948216697442475,100,0.11,0.31446603773522036,0.031446603773522035,100
1464.0,1494.5,0.14,0.40251733132897793,0.040251733132897795,100,0.14,0.40251733132897793,0.040251733132897795,100,0.0,0.0,0.0,100,0.0,0.0,0.0,100,0.14,0.40251733132897793,0.040251733132897795,100,0.14,0.40251733132897793,0.040251733132897795,100,0.14,0.40251733132897793,0.040251733132897795,100,0.14,0.40251733132897793,0.040251733132897795,100,0.0,0.0,0.0,100,0.0,0.0,0.0,100,0.14,0.40251733132897793,0.040251733132897795,100,0.14,0.40251733132897793,0.040251733132897795,100,0.14,0.40251733132897793,0.040251733132897795,100,0.14,0.40251733132897793,0.040251733132897795,100,0.0,0.0,0.0,100,0.0,0.0,0.0,100,0.14,0.40251733132897793,0.040251733132897795,100,0.14,0.40251733132897793,0.040251733132897795,100,0.14,0.40251733132897793,0.040251733132897795,100,0.14,0.40251733132897793,0.040251733132897795,100,0.0,0.0,0.0,100,0.0,0.0,0.0,100,0.14,0.40251733132897793,0.040251733132897795,100,0.14,0.40251733132897793,0.040251733132897795,100,0.45,0.7159792333764039,0.0715979233376404,100,0.23,0.468287229478799,0.0468287229478799,100,0.22,0.5610235955354063,0.05610235955354063,100,0.45,0.7159792333764039,0.0715979233376404,100,0.23,0.468287229478799,0.0468287229478799,100,0.22,0.5610235955354063,0.05610235955354063,100
1494.5,1525.0,0.13,0.36666666666666636,0.03666666666666664,100,0.13,0.36666666666666636,0.03666666666666664,100,0.0,0.0,0.0,100,0.0,0.0,0.0,100,0.13,0.36666666666666636,0.03666666666666664,100,0.13,0.36666666666666636,0.03666666666666664,100,0.13,0.36666666666666636,0.03666666666666664,100,0.13,0.36666666666666636,0.03666666666666664,100,0.0,0.0,0.0,100,0.0,0.0,0.0,100,0.13,0.36666666666666636,0.03666666666666664,100,0.13,0.36666666666666636,0.03666666666666664,100,0.13,0.36666666666666636,0.03666666666666664,100,0.13,0.36666666666666636,0.03666666666666664,100,0.0,0.0,0.0,100,0.0,0.0,0.0,100,0.13,0.36666666666666636,0.03666666666666664,100,0.13,0.36666666666666636,0.03666666666666664,100,0.13,0.36666666666666636,0.03666666666666664,100,0.13,0.36666666666666636,0.03666666666666664,100,0.0,0.0,0.0,100,0.0,0.0,0.0,100,0.13,0.36666666666666636,0.03666666666666664,100,0.13,0.36666666666666636,0.03666666666666664,100,0.32,0.5839607015973771,0.05839607015973771,100,0.21,0.4560480215720688,0.04560480215720688,100,0.11,0.39936818788550205,0.0399368187885502,100,0.32,0.5839607015973771,0.05839607015973771,100,0.21,0.4560480215720688,0.04560480215720688,100,0.11,0.39936818788550205,0.0399368187885502,100
1525.0,1555.5,0.09,0.2876234912646614,0.028762349126466143,100,0.09,0.2876234912646614,0.028762349126466143,100,0.0,0.0,0.0,100,0.0,0.0,0.0,100,0.09,0.2876234912646614,0.028762349126466143,100,0.09,0.2876234912646614,0.028762349126466143,100,0.09,0.2876234912646614,0.028762349126466143,100,0.09,0.2876234912646614,0.028762349126466143,100,0.0,0.0,0.0,100,0.0,0.0,0.0,100,0.09,0.2876234912646614,0.028762349126466143,100,0.09,0.2876234912646614,0.028762349126466143,100,0.09,0.2876234912646614,0.028762349126466143,100,0.09,0.2876234912646614,0.028762349126466143,100,0.0,0.0,0.0,100,0.0,0.0,0.0,100,0.09,0.2876234912646614,0.028762349126466143,100,0.09,0.2876234912646614,0.028762349126466143,100,0.09,0.2876234912646614,0.028762349126466143,100,0.09,0.2876234912646614,0.028762349126466143,100,0.0,0.0,0.0,100,0.0,0.0,0.0,100,0.09,0.2876234912646614,0.028762349126466143,100,0.09,0.2876234912646614,0.028762349126466143,100,0.29,0.5737524894864675,0.05737524894864675,100,0.19,0.4425591326123388,0.04425591326123388,100,0.1,0.3892494720807613,0.038924947208076134,100,0.29,0.5737524894864675,0.05737524894864675,100,0.19,0.4425591326123388,0.04425591326123388,100,0.1,0.3892494720807613,0.038924947208076134,100
1555.5,1586.0,0.11,0.34509550720186033,0.034509550720186036,100,0.11,0.34509550720186033,0.034509550720186036,100,0.0,0.0,0.0,100,0.0,0.0,0.0,100,0.11,0.34509550720186033,0.034509550720186036,100,0.11,0.34509550720186033,0.034509550720186036,100,0.11,0.34509550720186033,0.034509550720186036,100,0.11,0.34509550720186033,0.034509550720186036,100,0.0,0.0,0.0,100,0.0,0.0,0.0,100,0.11,0.34509550720186033,0.034509550720186036,100,0.11,0.34509550720186033,0.034509550720186036,100,0.11,0.34509550720186033,0.034509550720186036,100,0.11,0.34509550720186033,0.034509550720186036,100,0.0,0.0,0.0,100,0.0,0.0,0.0,100,0.11,0.34509550720186033,0.034509550720186036,100,0.11,0.34509550720186033,0.034509550720186036,100,0.11,0.34509550720186033,0.034509550720186036,100,0.11,0.34509550720186033,0.034509550720186036,100,0.0,0.0,0.0,100,0.0,0.0,0.0,100,0.11,0.34509550720186033,0.034509550720186036,100,0.11,0.34509550720186033,0.034509550720186036,100,0.47,0.7028800779936818,0.07028800779936818,100,0.31,0.5064233865696235,0.05064233865696235,100,0.16,0.44312936752559856,0.04431293675255986,100,0.47,0.7028800779936818,0.07028800779936818,100,0.31,0.5064233865696235,0.05064233865696235,100,0.16,0.44312936752559856,0.04431293675255986,100
1586.0,1616.5,0.05,0.21904291355759078,0.021904291355759078,100,0.05,0.21904291355759078,0.021904291355759078,100,0.0,0.0,0.0,100,0.0,0.0,0.0,100,0.05,0.21904291355759078,0.021904291355759078,100,0.05,0.21904291355759078,0.021904291355759078,100,0.05,0.21904291355759078,0.021904291355759078,100,0.05,0.21904291355759078,0.021904291355759078,100,0.0,0.0,0.0,100,0.0,0.0,0.0,100,0.05,0.21904291355759078,0.021904291355759078,100,0.05,0.21904291355759078,0.021904291355759078,100,0.05,0.21904291355759078,0.021904291355759078,100,0.05,0.21904291355759078,0.021904291355759078,100,0.0,0.0,0.0,100,0.0,0.0,0.0,100,0.05,0.21904291355759078,0.021904291355759078,100,0.05,0.21904291355759078,0.021904291355759078,100,0.05,0.21904291355759078,0.021904291355759078,100,0.05,0.21904291355759078,0.021904291355759078,100,0.0,0.0,0.0,100,0.0,0.0,0.0,100,0.05,0.21904291355759078,0.021904291355759078,100,0.05,0.21904291355759078,0.021904291355759078,100,0.36,0.6438520439863918,0.06438520439863918,100,0.23,0.5835281060112278,0.05835281060112278,100,0.13,0.3379976689896308,0.03379976689896308,100,0.36,0.6438520439863918,0.06438520439863918,100,0.23,0.5835281060112278,0.05835281060112278,100,0.13,0.3379976689896308,0.03379976689896308,100
1616.5,1647.0,0.11,0.37321967966993574,0.03732196796699357,100,0.11,0.37321967966993574,0.03732196796699357,100,0.0,0.0,0.0,100,0.0,0.0,0.0,100,0.11,0.37321967966993574,0.03732196796699357,100,0.11,0.37321967966993574,0.03732196796699357,100,0.11,0.37321967966993574,0.03732196796699357,100,0.11,0.37321967966993574,0.03732196796699357,100,0.0,0.0,0.0,100,0.0,0.0,0.0,100,0.11,0.37321967966993574,0.03732196796699357,100,0.11,0.37321967966993574,0.03732196796699357,100,0.11,0.37321967966993574,0.03732196796699357,100,0.11,0.37321967966993574,0.03732196796699357,100,0.0,0.0,0.0,100,0.0,0.0,0.0,100,0.11,0.37321967966993574,0.03732196796699357,100,0.11,0.37321967966993574,0.03732196796699357,100,0.11,0.37321967966993574,0.03732196796699357,100,0.11,0.37321967966993574,0.03732196796699357,100,0.0,0.0,0.0,100,0.0,0.0,0.0,100,0.11,0.37321967966993574,0.03732196796699357,100,0.11,0.37321967966993574,0.03732196796699357,100,0.45,0.7299508769967218,0.07299508769967218,100,0.25,0.5751591786697668,0.057515917866976685,100,0.2,0.49236596391733045,0.04923659639173304,100,0.45,0.7299508769967218,0.07299508769967218,100,0.25,0.5751591786697668,0.057515917866976685,100,0.2,0.49236596391733045,0.04923659639173304,100
1647.0,1677.5,0.11,0.3450955072018603,0.03450955072018603,100,0.11,0.3450955072018603,0.03450955072018603,100,0.0,0.0,0.0,100,0.0,0.0,0.0,100,0.11,0.3450955072018603,0.03450955072018603,100,0.11,0.3450955072018603,0.03450955072018603,100,0.11,0.3450955072018603,0.03450955072018603,100,0.11,0.3450955072018603,0.03450955072018603,100,0.0,0.0,0.0,100,0.0,0.0,0.0,100,0.11,0.3450955072018603,0.03450955072018603,100,0.11,0.3450955072018603,0.03450955072018603,100,0.11,0.3450955072018603,0.03450955072018603,100,0.11,0.3450955072018603,0.03450955072018603,100,0.0,0.0,0.0,100,0.0,0.0,0.0,100,0.11,0.3450955072018603,0.03450955072018603,100,0.11,0.3450955072018603,0.03450955072018603,100,0.11,0.3450955072018603,0.03450955072018603,100,0.11,0.3450955072018603,0.03450955072018603,100,0.0,0.0,0.0,100,0.0,0.0,0.0,100,0.11,0.3450955072018603,0.03450955072018603,100,0.11,0.3450955072018603,0.03450955072018603,100,0.36,0.5777000724747868,0.05777000724747868,100,0.25,0.5,0.05,100,0.11,0.3450955072018603,0.03450955072018603,100,0.36,0.5777000724747868,0.05777000724747868,100,0.25,0.5,0.05,100,0.11,0.3450955072018603,0.03450955072018603,100
1677.5,1708.0,0.12,0.3265986323710906,0.03265986323710906,100,0.12,0.3265986323710906,0.03265986323710906,100,0.0,0.0,0.0,100,0.0,0.0,0.0,100,0.12,0.3265986323710906,0.03265986323710906,100,0.12,0.3265986323710906,0.03265986323710906,100,0.12,0.3265986323710906,0.03265986323710906,100,0.12,0.3265986323710906,0.03265986323710906,100,0.0,0.0,0.0,100,0.0,0.0,0.0,100,0.12,0.3265986323710906,0.03265986323710906,100,0.12,0.3265986323710906,0.03265986323710906,100,0.12,0.3265986323710906,0.03265986323710906,100,0.12,0.3265986323710906,0.03265986323710906,100,0.0,0.0,0.0,100,0.0,0.0,0.0,100,0.12,0.3265986323710906,0.03265986323710906,100,0.12,0.3265986323710906,0.03265986323710906,100,0.12,0.3265986323710906,0.03265986323710906,100,0.12,0.3265986323710906,0.03265986323710906,100,0.0,0.0,0.0,100,0.0,0.0,0.0,100,0.12,0.3265986323710906,0.03265986323710906,100,0.12,0.3265986323710906,0.03265986323710906,100,0.4,0.6356417261637276,0.06356417261637276,100,0.28,0.49400445751066235,0.04940044575106624,100,0.12,0.4089898865164358,0.040898988651643584,100,0.4,0.6356417261637276,0.06356417261637276,100,0.28,0.49400445751066235,0.04940044575106624,100,0.12,0.4089898865164358,0.040898988651643584,100
1708.0,1738.5,0.02,0.14070529413628963,0.014070529413628963,100,0.02,0.14070529413628963,0.014070529413628963,100,0.0,0.0,0.0,100,0.0,0.0,0.0,100,0.02,0.14070529413628963,0.014070529413628963,100,0.02,0.14070529413628963,0.014070529413628963,100,0.02,0.14070529413628963,0.014070529413628963,100,0.02,0.14070529413628963,0.014070529413628963,100,0.0,0.0,0.0,100,0.0,0.0,0.0,100,0.02,0.14070529413628963,0.014070529413628963,100,0.02,0.14070529413628963,0.014070529413628963,100,0.02,0.14070529413628963,0.014070529413628963,100,0.02,0.14070529413628963,0.014070529413628963,100,0.0,0.0,0.0,100,0.0,0.0,0.0,100,0.02,0.14070529413628963,0.014070529413628963,100,0.02,0.14070529413628963,0.014070529413628963,100,0.02,0.14070529413628963,0.014070529413628963,100,0.02,0.14070529413628963,0.014070529413628963,100,0.0,0.0,0.0,100,0.0,0.0,0.0,100,0.02,0.14070529413628963,0.014070529413628963,100,0.02,0.14070529413628963,0.014070529413628963,100,0.25,0.519809599951771,0.0519809599951771,100,0.19,0.4648231987117318,0.046482319871173176,100,0.06,0.238683256575942,0.0238683256575942,100,0.25,0.519809599951771,0.0519809599951771,100,0.19,0.4648231987117318,0.046482319871173176,100,0.06,0.238683256575942,0.0238683256575942,100
1738.5,1769.0,0.11,0.34509550720186033,0.034509550720186036,100,0.11,0.34509550720186033,0.034509550720186036,100,0.0,0.0,0.0,100,0.0,0.0,0.0,100,0.11,0.34509550720186033,0.034509550720186036,100,0.11,0.34509550720186033,0.034509550720186036,100,0.11,0.34509550720186033,0.034509550720186036,100,0.11,0.34509550720186033,0.034509550720186036,100,0.0,0.0,0.0,100,0.0,0.0,0.0,100,0.11,0.34509550720186033,0.034509550720186036,100,0.11,0.34509550720186033,0.034509550720186036,100,0.11,0.34509550720186033,0.034509550720186036,100,0.11,0.34509550720186033,0.034509550720186036,100,0.0,0.0,0.0,100,0.0,0.0,0.0,100,0.11,0.34509550720186033,0.034509550720186036,100,0.11,0.34509550720186033,0.034509550720186036,100,0.11,0.34509550720186033,0.034509550720186036,100,0.11,0.34509550720186033,0.034509550720186036,100,0.0,0.0,0.0,100,0.0,0.0,0.0,100,0.11,0.34509550720186033,0.034509550720186036,100,0.11,0.34509550720186033,0.034509550720186036,100,0.33,0.5695115752497343,0.05695115752497343,100,0.19,0.44255913261233887,0.04425591326123389,100,0.14,0.4025173313289777,0.040251733132897774,100,0.33,0.5695115752497343,0.05695115752497343,100,0.19,0.44255913261233887,0.04425591326123389,100,0.14,0.4025173313289777,0.040251733132897774,100
1769.0,1799.5,0.0,0.0,0.0,100,0.0,0.0,0.0,100,0.0,0.0,0.0,100,0.0,0.0,0.0,100,0.0,0.0,0.0,100,0.0,0.0,0.0,100,0.0,0.0,0.0,100,0.0,0.0,0.0,100,0.0,0.0,0.0,100,0.0,0.0,0.0,100,0.0,0.0,0.0,100,0.0,0.0,0.0,100,0.0,0.0,0.0,100,0.0,0.0,0.0,100,0.0,0.0,0.0,100,0.0,0.0,0.0,100,0.0,0.0,0.0,100,0.0,0.0,0.0,100,0.0,0.0,0.0,100,0.0,0.0,0.0,100,0.0,0.0,0.0,100,0.0,0.0,0.0,100,0.0,0.0,0.0,100,0.0,0.0,0.0,100,0.31,0.5448565745851717,0.05448565745851717,100,0.19,0.4648231987117315,0.04648231987117315,100,0.12,0.3265986323710906,0.03265986323710906,100,0.31,0.5448565745851717,0.05448565745851717,100,0.19,0.4648231987117315,0.04648231987117315,100,0.12,0.3265986323710906,0.03265986323710906,100
