h_promo_time_lo,h_promo_time_hi,h_promo_count_allplan_cume_mean,h_promo_count_allplan_cume_std,h_promo_count_allplan_cume_sem,h_promo_count_allplan_cume_nEns,h_promo_count_allplan_cume_q25,h_promo_count_allplan_cume_q50,h_promo_count_allplan_cume_q75,h_promo_count_allplan_incr_mean,h_promo_count_allplan_incr_std,h_promo_count_allplan_incr_sem,h_promo_count_allplan_incr_nEns,h_promo_count_allplan_incr_q25,h_promo_count_allplan_incr_q50,h_promo_count_allplan_incr_q75,h_promo_count_earth_cume_mean,h_promo_count_earth_cume_std,h_promo_count_earth_cume_sem,h_promo_count_earth_cume_nEns,h_promo_count_earth_cume_q25,h_promo_count_earth_cume_q50,h_promo_count_earth_cume_q75,h_promo_count_earth_incr_mean,h_promo_count_earth_incr_std,h_promo_count_earth_incr_sem,h_promo_count_earth_incr_nEns,h_promo_count_earth_incr_q25,h_promo_count_earth_incr_q50,h_promo_count_earth_incr_q75,h_promo_count_hzone_cume_mean,h_promo_count_hzone_cume_std,h_promo_count_hzone_cume_sem,h_promo_count_hzone_cume_nEns,h_promo_count_hzone_cume_q25,h_promo_count_hzone_cume_q50,h_promo_count_hzone_cume_q75,h_promo_count_hzone_incr_mean,h_promo_count_hzone_incr_std,h_promo_count_hzone_incr_sem,h_promo_count_hzone_incr_nEns,h_promo_count_hzone_incr_q25,h_promo_count_hzone_incr_q50,h_promo_count_hzone_incr_q75,h_promo_count_star_cume_mean,h_promo_count_star_cume_std,h_promo_count_star_cume_sem,h_promo_count_star_cume_nEns,h_promo_count_star_cume_q25,h_promo_count_star_cume_q50,h_promo_count_star_cume_q75,h_promo_count_star_incr_mean,h_promo_count_star_incr_std,h_promo_count_star_incr_sem,h_promo_count_star_incr_nEns,h_promo_count_star_incr_q25,h_promo_count_star_incr_q50,h_promo_count_star_incr_q75,h_promo_promo_allplan_cume_mean,h_promo_promo_allplan_cume_std,h_promo_promo_allplan_cume_sem,h_promo_promo_allplan_cume_nEns,h_promo_promo_allplan_cume_q25,h_promo_promo_allplan_cume_q50,h_promo_promo_allplan_cume_q75,h_promo_promo_allplan_incr_mean,h_promo_promo_allplan_incr_std,h_promo_promo_allplan_incr_sem,h_promo_promo_allplan_incr_nEns,h_promo_promo_allplan_incr_q25,h_promo_promo_allplan_incr_q50,h_promo_promo_allplan_incr_q75,h_promo_promo_earth_cume_mean,h_promo_promo_earth_cume_std,h_promo_promo_earth_cume_sem,h_promo_promo_earth_cume_nEns,h_promo_promo_earth_cume_q25,h_promo_promo_earth_cume_q50,h_promo_promo_earth_cume_q75,h_promo_promo_earth_incr_mean,h_promo_promo_earth_incr_std,h_promo_promo_earth_incr_sem,h_promo_promo_earth_incr_nEns,h_promo_promo_earth_incr_q25,h_promo_promo_earth_incr_q50,h_promo_promo_earth_incr_q75,h_promo_promo_hzone_cume_mean,h_promo_promo_hzone_cume_std,h_promo_promo_hzone_cume_sem,h_promo_promo_hzone_cume_nEns,h_promo_promo_hzone_cume_q25,h_promo_promo_hzone_cume_q50,h_promo_promo_hzone_cume_q75,h_promo_promo_hzone_incr_mean,h_promo_promo_hzone_incr_std,h_promo_promo_hzone_incr_sem,h_promo_promo_hzone_incr_nEns,h_promo_promo_hzone_incr_q25,h_promo_promo_hzone_incr_q50,h_promo_promo_hzone_incr_q75,h_promo_promo_star_cume_mean,h_promo_promo_star_cume_std,h_promo_promo_star_cume_sem,h_promo_promo_star_cume_nEns,h_promo_promo_star_cume_q25,h_promo_promo_star_cume_q50,h_promo_promo_star_cume_q75,h_promo_promo_star_incr_mean,h_promo_promo_star_incr_std,h_promo_promo_star_incr_sem,h_promo_promo_star_incr_nEns,h_promo_promo_star_incr_q25,h_promo_promo_star_incr_q50,h_promo_promo_star_incr_q75,h_promo_spanEarth_star_cume_mean,h_promo_spanEarth_star_cume_std,h_promo_spanEarth_star_cume_sem,h_promo_spanEarth_star_cume_nEns,h_promo_spanEarth_star_cume_q25,h_promo_spanEarth_star_cume_q50,h_promo_spanEarth_star_cume_q75,h_promo_spanEarth_star_incr_mean,h_promo_spanEarth_star_incr_std,h_promo_spanEarth_star_incr_sem,h_promo_spanEarth_star_incr_nEns,h_promo_spanEarth_star_incr_q25,h_promo_spanEarth_star_incr_q50,h_promo_spanEarth_star_incr_q75,h_promo_spanHZ0_star_cume_mean,h_promo_spanHZ0_star_cume_std,h_promo_spanHZ0_star_cume_sem,h_promo_spanHZ0_star_cume_nEns,h_promo_spanHZ0_star_cume_q25,h_promo_spanHZ0_star_cume_q50,h_promo_spanHZ0_star_cume_q75,h_promo_spanHZ0_star_incr_mean,h_promo_spanHZ0_star_incr_std,h_promo_spanHZ0_star_incr_sem,h_promo_spanHZ0_star_incr_nEns,h_promo_spanHZ0_star_incr_q25,h_promo_spanHZ0_star_incr_q50,h_promo_spanHZ0_star_incr_q75,h_promo_spanHZ1_star_cume_mean,h_promo_spanHZ1_star_cume_std,h_promo_spanHZ1_star_cume_sem,h_promo_spanHZ1_star_cume_nEns,h_promo_spanHZ1_star_cume_q25,h_promo_spanHZ1_star_cume_q50,h_promo_spanHZ1_star_cume_q75,h_promo_spanHZ1_star_incr_mean,h_promo_spanHZ1_star_incr_std,h_promo_spanHZ1_star_incr_sem,h_promo_spanHZ1_star_incr_nEns,h_promo_spanHZ1_star_incr_q25,h_promo_spanHZ1_star_incr_q50,h_promo_spanHZ1_star_incr_q75,h_promo_spanPlan_star_cume_mean,h_promo_spanPlan_star_cume_std,h_promo_spanPlan_star_cume_sem,h_promo_spanPlan_star_cume_nEns,h_promo_spanPlan_star_cume_q25,h_promo_spanPlan_star_cume_q50,h_promo_spanPlan_star_cume_q75,h_promo_spanPlan_star_incr_mean,h_promo_spanPlan_star_incr_std,h_promo_spanPlan_star_incr_sem,h_promo_spanPlan_star_incr_nEns,h_promo_spanPlan_star_incr_q25,h_promo_spanPlan_star_incr_q50,h_promo_spanPlan_star_incr_q75,h_promo_span_allplan_cume_mean,h_promo_span_allplan_cume_std,h_promo_span_allplan_cume_sem,h_promo_span_allplan_cume_nEns,h_promo_span_allplan_cume_q25,h_promo_span_allplan_cume_q50,h_promo_span_allplan_cume_q75,h_promo_span_allplan_incr_mean,h_promo_span_allplan_incr_std,h_promo_span_allplan_incr_sem,h_promo_span_allplan_incr_nEns,h_promo_span_allplan_incr_q25,h_promo_span_allplan_incr_q50,h_promo_span_allplan_incr_q75,h_promo_span_earth_cume_mean,h_promo_span_earth_cume_std,h_promo_span_earth_cume_sem,h_promo_span_earth_cume_nEns,h_promo_span_earth_cume_q25,h_promo_span_earth_cume_q50,h_promo_span_earth_cume_q75,h_promo_span_earth_incr_mean,h_promo_span_earth_incr_std,h_promo_span_earth_incr_sem,h_promo_span_earth_incr_nEns,h_promo_span_earth_incr_q25,h_promo_span_earth_incr_q50,h_promo_span_earth_incr_q75,h_promo_span_hzone_cume_mean,h_promo_span_hzone_cume_std,h_promo_span_hzone_cume_sem,h_promo_span_hzone_cume_nEns,h_promo_span_hzone_cume_q25,h_promo_span_hzone_cume_q50,h_promo_span_hzone_cume_q75,h_promo_span_hzone_incr_mean,h_promo_span_hzone_incr_std,h_promo_span_hzone_incr_sem,h_promo_span_hzone_incr_nEns,h_promo_span_hzone_incr_q25,h_promo_span_hzone_incr_q50,h_promo_span_hzone_incr_q75,h_promo_span_star_cume_mean,h_promo_span_star_cume_std,h_promo_span_star_cume_sem,h_promo_span_star_cume_nEns,h_promo_span_star_cume_q25,h_promo_span_star_cume_q50,h_promo_span_star_cume_q75,h_promo_span_star_incr_mean,h_promo_span_star_incr_std,h_promo_span_star_incr_sem,h_promo_span_star_incr_nEns,h_promo_span_star_incr_q25,h_promo_span_star_incr_q50,h_promo_span_star_incr_q75
0.0,30.5,0.0,0.0,0.0,100,0.0,0.0,0.0,0.0,0.0,0.0,100,0.0,0.0,0.0,0.0,0.0,0.0,100,0.0,0.0,0.0,0.0,0.0,0.0,100,0.0,0.0,0.0,0.0,0.0,0.0,100,0.0,0.0,0.0,0.0,0.0,0.0,100,0.0,0.0,0.0,0.08,0.30748244591432294,0.030748244591432293,100,0.0,0.0,0.0,0.08,0.30748244591432294,0.030748244591432293,100,0.0,0.0,0.0,0.0,0.0,0.0,100,0.0,0.0,0.0,0.0,0.0,0.0,100,0.0,0.0,0.0,0.0,0.0,0.0,100,0.0,0.0,0.0,0.0,0.0,0.0,100,0.0,0.0,0.0,0.0,0.0,0.0,100,0.0,0.0,0.0,0.0,0.0,0.0,100,0.0,0.0,0.0,0.01,0.09999999999999996,0.009999999999999997,100,0.0,0.0,0.0,0.01,0.09999999999999996,0.009999999999999997,100,0.0,0.0,0.0,0.0,0.0,0.0,100,0.0,0.0,0.0,0.0,0.0,0.0,100,0.0,0.0,0.0,0.07,0.2564323999762429,0.02564323999762429,100,0.0,0.0,0.0,0.07,0.2564323999762429,0.02564323999762429,100,0.0,0.0,0.0,0.0,0.0,0.0,100,0.0,0.0,0.0,0.0,0.0,0.0,100,0.0,0.0,0.0,0.03,0.17144660799776532,0.017144660799776532,100,0.0,0.0,0.0,0.03,0.17144660799776532,0.017144660799776532,100,0.0,0.0,0.0,0.02,0.1407052941362896,0.01407052941362896,100,0.0,0.0,0.0,0.02,0.1407052941362896,0.01407052941362896,100,0.0,0.0,0.0,0.02,0.1407052941362896,0.01407052941362896,100,0.0,0.0,0.0,0.02,0.1407052941362896,0.01407052941362896,100,0.0,0.0,0.0,0.02,0.1407052941362896,0.01407052941362896,100,0.0,0.0,0.0,0.02,0.1407052941362896,0.01407052941362896,100,0.0,0.0,0.0,0.03,0.17144660799776532,0.017144660799776532,100,0.0,0.0,0.0,0.03,0.17144660799776532,0.017144660799776532,100,0.0,0.0,0.0
30.5,61.0,0.02,0.1407052941362896,0.01407052941362896,100,0.0,0.0,0.0,0.02,0.1407052941362896,0.01407052941362896,100,0.0,0.0,0.0,0.02,0.1407052941362896,0.01407052941362896,100,0.0,0.0,0.0,0.02,0.1407052941362896,0.01407052941362896,100,0.0,0.0,0.0,0.02,0.1407052941362896,0.01407052941362896,100,0.0,0.0,0.0,0.02,0.1407052941362896,0.01407052941362896,100,0.0,0.0,0.0,0.15,0.38599209705627285,0.03859920970562729,100,0.0,0.0,0.0,0.07,0.2564323999762429,0.02564323999762429,100,0.0,0.0,0.0,0.02,0.1407052941362896,0.01407052941362896,100,0.0,0.0,0.0,0.02,0.1407052941362896,0.01407052941362896,100,0.0,0.0,0.0,0.02,0.1407052941362896,0.01407052941362896,100,0.0,0.0,0.0,0.02,0.1407052941362896,0.01407052941362896,100,0.0,0.0,0.0,0.02,0.1407052941362896,0.01407052941362896,100,0.0,0.0,0.0,0.02,0.1407052941362896,0.01407052941362896,100,0.0,0.0,0.0,0.08,0.27265992434429087,0.027265992434429086,100,0.0,0.0,0.0,0.07,0.25643239997624284,0.025643239997624283,100,0.0,0.0,0.0,0.05,0.21904291355759026,0.021904291355759026,100,0.0,0.0,0.0,0.05,0.21904291355759026,0.021904291355759026,100,0.0,0.0,0.0,0.26,0.46319051646752707,0.04631905164675271,100,0.0,0.0,0.25,0.19,0.39427724440366246,0.03942772444036625,100,0.0,0.0,0.0,0.05,0.21904291355759029,0.02190429135575903,100,0.0,0.0,0.0,0.05,0.21904291355759029,0.02190429135575903,100,0.0,0.0,0.0,0.14,0.3487350880197768,0.03487350880197768,100,0.0,0.0,0.0,0.11,0.31446603773522025,0.03144660377352203,100,0.0,0.0,0.0,0.13,0.33799766898963096,0.03379976689896309,100,0.0,0.0,0.0,0.11,0.3144660377352203,0.03144660377352203,100,0.0,0.0,0.0,0.13,0.33799766898963096,0.03379976689896309,100,0.0,0.0,0.0,0.11,0.3144660377352203,0.03144660377352203,100,0.0,0.0,0.0,0.13,0.33799766898963096,0.03379976689896309,100,0.0,0.0,0.0,0.11,0.3144660377352203,0.03144660377352203,100,0.0,0.0,0.0,0.14,0.3487350880197768,0.03487350880197768,100,0.0,0.0,0.0,0.11,0.31446603773522025,0.03144660377352203,100,0.0,0.0,0.0
61.0,91.5,0.11,0.3450955072018603,0.03450955072018603,100,0.0,0.0,0.0,0.09,0.2876234912646614,0.028762349126466143,100,0.0,0.0,0.0,0.11,0.3450955072018603,0.03450955072018603,100,0.0,0.0,0.0,0.09,0.2876234912646614,0.028762349126466143,100,0.0,0.0,0.0,0.11,0.3450955072018603,0.03450955072018603,100,0.0,0.0,0.0,0.09,0.2876234912646614,0.028762349126466143,100,0.0,0.0,0.0,0.29,0.5373898759633257,0.05373898759633257,100,0.0,0.0,0.25,0.14,0.3487350880197772,0.03487350880197772,100,0.0,0.0,0.0,0.11,0.3450955072018603,0.03450955072018603,100,0.0,0.0,0.0,0.09,0.2876234912646614,0.028762349126466143,100,0.0,0.0,0.0,0.11,0.3450955072018603,0.03450955072018603,100,0.0,0.0,0.0,0.09,0.2876234912646614,0.028762349126466143,100,0.0,0.0,0.0,0.11,0.3450955072018603,0.03450955072018603,100,0.0,0.0,0.0,0.09,0.2876234912646614,0.028762349126466143,100,0.0,0.0,0.0,0.2,0.4264014327112206,0.04264014327112206,100,0.0,0.0,0.0,0.12,0.32659863237109066,0.032659863237109066,100,0.0,0.0,0.0,0.22,0.4623173950192379,0.04623173950192379,100,0.0,0.0,0.0,0.17,0.4033946860424327,0.04033946860424327,100,0.0,0.0,0.0,0.87,0.981186665587784,0.0981186665587784,100,0.0,1.0,1.0,0.61,0.8396127053287699,0.08396127053287698,100,0.0,0.0,1.0,0.27,0.4893822120745193,0.048938221207451935,100,0.0,0.0,0.25,0.22,0.43992653197477627,0.043992653197477624,100,0.0,0.0,0.0,0.48,0.6587407638361193,0.06587407638361194,100,0.0,0.0,1.0,0.34,0.5545040554177649,0.05545040554177649,100,0.0,0.0,1.0,0.47,0.6428314889862843,0.06428314889862843,100,0.0,0.0,1.0,0.34,0.5359782899266793,0.05359782899266793,100,0.0,0.0,1.0,0.47,0.6428314889862843,0.06428314889862843,100,0.0,0.0,1.0,0.34,0.5359782899266793,0.05359782899266793,100,0.0,0.0,1.0,0.47,0.6428314889862843,0.06428314889862843,100,0.0,0.0,1.0,0.34,0.5359782899266793,0.05359782899266793,100,0.0,0.0,1.0,0.48,0.6587407638361193,0.06587407638361194,100,0.0,0.0,1.0,0.34,0.5545040554177649,0.05545040554177649,100,0.0,0.0,1.0
91.5,122.0,0.47,0.6735253251633257,0.06735253251633258,100,0.0,0.0,1.0,0.36,0.559942276967326,0.0559942276967326,100,0.0,0.0,1.0,0.47,0.6735253251633257,0.06735253251633258,100,0.0,0.0,1.0,0.36,0.559942276967326,0.0559942276967326,100,0.0,0.0,1.0,0.47,0.6735253251633257,0.06735253251633258,100,0.0,0.0,1.0,0.36,0.559942276967326,0.0559942276967326,100,0.0,0.0,1.0,0.72,0.8297498710363554,0.08297498710363554,100,0.0,1.0,1.0,0.43,0.6236905474591534,0.062369054745915344,100,0.0,0.0,1.0,0.47,0.6735253251633257,0.06735253251633258,100,0.0,0.0,1.0,0.36,0.559942276967326,0.0559942276967326,100,0.0,0.0,1.0,0.47,0.6735253251633257,0.06735253251633258,100,0.0,0.0,1.0,0.36,0.559942276967326,0.0559942276967326,100,0.0,0.0,1.0,0.47,0.6735253251633257,0.06735253251633258,100,0.0,0.0,1.0,0.36,0.559942276967326,0.0559942276967326,100,0.0,0.0,1.0,0.59,0.7666666666666672,0.07666666666666672,100,0.0,0.0,1.0,0.39,0.584220105194208,0.058422010519420794,100,0.0,0.0,1.0,0.68,0.9415225151129674,0.09415225151129673,100,0.0,0.0,1.0,0.46,0.7166138105949069,0.07166138105949069,100,0.0,0.0,1.0,1.63,1.1862426889855704,0.11862426889855704,100,1.0,1.0,2.0,0.76,0.753711355945237,0.0753711355945237,100,0.0,1.0,1.0,0.76,0.7928977668570321,0.07928977668570321,100,0.0,1.0,1.0,0.49,0.627565441877087,0.0627565441877087,100,0.0,0.0,1.0,1.07,0.9017939472142865,0.09017939472142865,100,0.0,1.0,2.0,0.59,0.6681045100608414,0.06681045100608414,100,0.0,0.5,1.0,1.05,0.8804842561071293,0.08804842561071294,100,0.0,1.0,2.0,0.58,0.6693883835866947,0.06693883835866947,100,0.0,0.0,1.0,1.05,0.8804842561071293,0.08804842561071294,100,0.0,1.0,2.0,0.58,0.6693883835866947,0.06693883835866947,100,0.0,0.0,1.0,1.05,0.8804842561071293,0.08804842561071294,100,0.0,1.0,2.0,0.58,0.6693883835866947,0.06693883835866947,100,0.0,0.0,1.0,1.07,0.9017939472142865,0.09017939472142865,100,0.0,1.0,2.0,0.59,0.6681045100608414,0.06681045100608414,100,0.0,0.5,1.0
122.0,152.5,0.92,0.824866074222986,0.0824866074222986,100,0.0,1.0,1.0,0.45,0.5924610544247623,0.05924610544247623,100,0.0,0.0,1.0,0.92,0.824866074222986,0.0824866074222986,100,0.0,1.0,1.0,0.45,0.5924610544247623,0.05924610544247623,100,0.0,0.0,1.0,0.92,0.824866074222986,0.0824866074222986,100,0.0,1.0,1.0,0.45,0.5924610544247623,0.05924610544247623,100,0.0,0.0,1.0,1.22,0.9804142600003949,0.09804142600003948,100,0.0,1.0,2.0,0.5,0.6113406364191519,0.06113406364191519,100,0.0,0.0,1.0,0.92,0.824866074222986,0.0824866074222986,100,0.0,1.0,1.0,0.45,0.5924610544247623,0.05924610544247623,100,0.0,0.0,1.0,0.92,0.824866074222986,0.0824866074222986,100,0.0,1.0,1.0,0.45,0.5924610544247623,0.05924610544247623,100,0.0,0.0,1.0,0.92,0.824866074222986,0.0824866074222986,100,0.0,1.0,1.0,0.45,0.5924610544247623,0.05924610544247623,100,0.0,0.0,1.0,1.09,0.9221735413706253,0.09221735413706253,100,0.0,1.0,2.0,0.5,0.6113406364191519,0.06113406364191519,100,0.0,0.0,1.0,1.58,1.5187714333192686,0.15187714333192687,100,0.0,1.0,3.0,0.9,1.0298573010888747,0.10298573010888748,100,0.0,1.0,1.0,2.63,1.5085949044917875,0.15085949044917873,100,1.0,3.0,4.0,1.0,0.9428090415820634,0.09428090415820634,100,0.0,1.0,2.0,1.4,1.0249414863810757,0.10249414863810757,100,1.0,1.0,2.0,0.64,0.7456269817808343,0.07456269817808343,100,0.0,0.0,1.0,1.81,1.1694339475044142,0.11694339475044142,100,1.0,2.0,3.0,0.74,0.8601150968318019,0.08601150968318019,100,0.0,1.0,1.0,1.8,1.1281521496355325,0.11281521496355325,100,1.0,2.0,3.0,0.75,0.8918825850158447,0.08918825850158447,100,0.0,1.0,1.0,1.8,1.1281521496355325,0.11281521496355325,100,1.0,2.0,3.0,0.75,0.8918825850158447,0.08918825850158447,100,0.0,1.0,1.0,1.8,1.1281521496355325,0.11281521496355325,100,1.0,2.0,3.0,0.75,0.8918825850158447,0.08918825850158447,100,0.0,1.0,1.0,1.81,1.1694339475044142,0.11694339475044142,100,1.0,2.0,3.0,0.74,0.8601150968318019,0.08601150968318019,100,0.0,1.0,1.0
152.5,183.0,1.29,1.1127815725841388,0.11127815725841388,100,1.0,1.0,2.0,0.37,0.7057484028184606,0.07057484028184606,100,0.0,0.0,1.0,1.29,1.1127815725841388,0.11127815725841388,100,1.0,1.0,2.0,0.37,0.7057484028184606,0.07057484028184606,100,0.0,0.0,1.0,1.29,1.1127815725841388,0.11127815725841388,100,1.0,1.0,2.0,0.37,0.7057484028184606,0.07057484028184606,100,0.0,0.0,1.0,1.75,1.2978225742925857,0.12978225742925859,100,1.0,2.0,2.25,0.53,0.7581876316905235,0.07581876316905235,100,0.0,0.0,1.0,1.29,1.1127815725841388,0.11127815725841388,100,1.0,1.0,2.0,0.37,0.7057484028184606,0.07057484028184606,100,0.0,0.0,1.0,1.29,1.1127815725841388,0.11127815725841388,100,1.0,1.0,2.0,0.37,0.7057484028184606,0.07057484028184606,100,0.0,0.0,1.0,1.29,1.1127815725841388,0.11127815725841388,100,1.0,1.0,2.0,0.37,0.7057484028184606,0.07057484028184606,100,0.0,0.0,1.0,1.6,1.2552918289216952,0.12552918289216952,100,1.0,1.0,2.0,0.51,0.8102250591438448,0.08102250591438448,100,0.0,0.0,1.0,2.28,1.8645009081155295,0.18645009081155295,100,1.0,2.0,4.0,0.7,0.9265990819042824,0.09265990819042824,100,0.0,0.0,1.0,3.61,1.8084817003790932,0.18084817003790932,100,2.0,3.5,5.0,0.98,0.953250685122685,0.09532506851226849,100,0.0,1.0,2.0,2.05,1.409742436537163,0.1409742436537163,100,1.0,2.0,3.0,0.65,0.8689364217539193,0.08689364217539193,100,0.0,0.0,1.0,2.66,1.5584244828309348,0.1558424482830935,100,1.0,3.0,4.0,0.85,0.903137069140983,0.0903137069140983,100,0.0,1.0,1.0,2.6,1.5242153139344599,0.152421531393446,100,1.0,3.0,4.0,0.8,0.9320337272260426,0.09320337272260426,100,0.0,1.0,1.0,2.6,1.5242153139344599,0.152421531393446,100,1.0,3.0,4.0,0.8,0.9320337272260426,0.09320337272260426,100,0.0,1.0,1.0,2.6,1.5242153139344599,0.152421531393446,100,1.0,3.0,4.0,0.8,0.9320337272260426,0.09320337272260426,100,0.0,1.0,1.0,2.66,1.5584244828309348,0.1558424482830935,100,1.0,3.0,4.0,0.85,0.903137069140983,0.0903137069140983,100,0.0,1.0,1.0
183.0,213.5,1.83,1.263752628907535,0.1263752628907535,100,1.0,2.0,2.25,0.54,0.7305733185227709,0.07305733185227709,100,0.0,0.0,1.0,1.83,1.263752628907535,0.1263752628907535,100,1.0,2.0,2.25,0.54,0.7305733185227709,0.07305733185227709,100,0.0,0.0,1.0,1.83,1.263752628907535,0.1263752628907535,100,1.0,2.0,2.25,0.54,0.7305733185227709,0.07305733185227709,100,0.0,0.0,1.0,2.41,1.4570968784302962,0.14570968784302962,100,1.0,2.0,3.0,0.66,0.8554046830110128,0.08554046830110128,100,0.0,0.0,1.0,1.83,1.263752628907535,0.1263752628907535,100,1.0,2.0,2.25,0.54,0.7305733185227709,0.07305733185227709,100,0.0,0.0,1.0,1.83,1.263752628907535,0.1263752628907535,100,1.0,2.0,2.25,0.54,0.7305733185227709,0.07305733185227709,100,0.0,0.0,1.0,1.83,1.263752628907535,0.1263752628907535,100,1.0,2.0,2.25,0.54,0.7305733185227709,0.07305733185227709,100,0.0,0.0,1.0,2.23,1.413177521428467,0.1413177521428467,100,1.0,2.0,3.0,0.63,0.8605260312768296,0.08605260312768295,100,0.0,0.0,1.0,3.05,2.2082261266144436,0.22082261266144437,100,1.0,3.0,5.0,0.77,0.9412542674323426,0.09412542674323426,100,0.0,0.5,1.0,4.48,1.997372010791918,0.1997372010791918,100,3.0,4.0,6.0,0.87,0.9173413495069064,0.09173413495069063,100,0.0,1.0,1.0,2.77,1.6444273818388613,0.16444273818388613,100,2.0,3.0,4.0,0.72,0.9220092245205633,0.09220092245205633,100,0.0,0.0,1.0,3.3,1.7026420348945632,0.1702642034894563,100,2.0,3.0,4.0,0.64,0.8821461433242326,0.08821461433242325,100,0.0,0.0,1.0,3.27,1.7165563365545728,0.17165563365545727,100,2.0,3.0,4.0,0.67,0.8768054965543263,0.08768054965543262,100,0.0,0.0,1.0,3.27,1.7165563365545728,0.17165563365545727,100,2.0,3.0,4.0,0.67,0.8768054965543263,0.08768054965543262,100,0.0,0.0,1.0,3.27,1.7165563365545728,0.17165563365545727,100,2.0,3.0,4.0,0.67,0.8768054965543263,0.08768054965543262,100,0.0,0.0,1.0,3.3,1.7026420348945632,0.1702642034894563,100,2.0,3.0,4.0,0.64,0.8821461433242326,0.08821461433242325,100,0.0,0.0,1.0
213.5,244.0,2.3,1.4389951600707596,0.14389951600707596,100,1.0,2.0,3.0,0.47,0.7713951678941898,0.07713951678941898,100,0.0,0.0,1.0,2.3,1.4389951600707596,0.14389951600707596,100,1.0,2.0,3.0,0.47,0.7713951678941898,0.07713951678941898,100,0.0,0.0,1.0,2.3,1.4389951600707596,0.14389951600707596,100,1.0,2.0,3.0,0.47,0.7713951678941898,0.07713951678941898,100,0.0,0.0,1.0,2.91,1.6459009383890335,0.16459009383890336,100,2.0,3.0,4.0,0.5,0.7453559924999299,0.07453559924999299,100,0.0,0.0,1.0,2.3,1.4389951600707596,0.14389951600707596,100,1.0,2.0,3.0,0.47,0.7713951678941898,0.07713951678941898,100,0.0,0.0,1.0,2.3,1.4389951600707596,0.14389951600707596,100,1.0,2.0,3.0,0.47,0.7713951678941898,0.07713951678941898,100,0.0,0.0,1.0,2.3,1.4389951600707596,0.14389951600707596,100,1.0,2.0,3.0,0.47,0.7713951678941898,0.07713951678941898,100,0.0,0.0,1.0,2.73,1.607149430802654,0.1607149430802654,100,2.0,3.0,4.0,0.5,0.7587869106393281,0.07587869106393282,100,0.0,0.0,1.0,3.87,2.6001359715805386,0.26001359715805383,100,2.0,4.0,6.0,0.82,0.925290017325172,0.0925290017325172,100,0.0,1.0,1.0,5.3,2.143818927978666,0.2143818927978666,100,4.0,5.0,7.0,0.82,0.8211841659112987,0.08211841659112987,100,0.0,1.0,1.0,3.47,1.8447577925384435,0.18447577925384434,100,2.0,3.0,5.0,0.7,0.8226589066968627,0.08226589066968627,100,0.0,0.5,1.0,4.07,1.8545875416099802,0.18545875416099802,100,2.75,4.0,6.0,0.77,0.8147007878585696,0.08147007878585696,100,0.0,1.0,1.0,4.05,1.919464361311101,0.19194643613111012,100,2.0,4.0,6.0,0.78,0.811284055175386,0.08112840551753861,100,0.0,1.0,1.0,4.05,1.919464361311101,0.19194643613111012,100,2.0,4.0,6.0,0.78,0.811284055175386,0.08112840551753861,100,0.0,1.0,1.0,4.05,1.919464361311101,0.19194643613111012,100,2.0,4.0,6.0,0.78,0.811284055175386,0.08112840551753861,100,0.0,1.0,1.0,4.07,1.8545875416099802,0.18545875416099802,100,2.75,4.0,6.0,0.77,0.8147007878585696,0.08147007878585696,100,0.0,1.0,1.0
244.0,274.5,2.95,1.6899883449481554,0.16899883449481554,100,2.0,3.0,4.0,0.65,0.7961396760860393,0.07961396760860392,100,0.0,0.0,1.0,2.95,1.6899883449481554,0.16899883449481554,100,2.0,3.0,4.0,0.65,0.7961396760860393,0.07961396760860392,100,0.0,0.0,1.0,2.95,1.6899883449481554,0.16899883449481554,100,2.0,3.0,4.0,0.65,0.7961396760860393,0.07961396760860392,100,0.0,0.0,1.0,3.54,1.816979400382443,0.1816979400382443,100,2.0,3.0,5.0,0.63,0.8245598764789555,0.08245598764789555,100,0.0,0.0,1.0,2.95,1.6899883449481554,0.16899883449481554,100,2.0,3.0,4.0,0.65,0.7961396760860393,0.07961396760860392,100,0.0,0.0,1.0,2.95,1.6899883449481554,0.16899883449481554,100,2.0,3.0,4.0,0.65,0.7961396760860393,0.07961396760860392,100,0.0,0.0,1.0,2.95,1.6899883449481554,0.16899883449481554,100,2.0,3.0,4.0,0.65,0.7961396760860393,0.07961396760860392,100,0.0,0.0,1.0,3.4,1.7809315460503174,0.17809315460503175,100,2.0,3.0,4.0,0.67,0.8294454761946671,0.08294454761946671,100,0.0,0.0,1.0,4.59,2.730652787606773,0.2730652787606773,100,2.75,5.0,6.25,0.72,0.899831634083271,0.0899831634083271,100,0.0,0.0,1.0,6.0,2.183501034503251,0.2183501034503251,100,4.0,6.0,7.25,0.7,0.7719841941125458,0.07719841941125458,100,0.0,1.0,1.0,4.31,1.9984590022911106,0.19984590022911106,100,3.0,4.0,6.0,0.84,0.9180567971690438,0.09180567971690437,100,0.0,1.0,1.0,4.85,2.0468009037016617,0.20468009037016616,100,3.0,5.0,6.0,0.78,0.8478135872866626,0.08478135872866625,100,0.0,1.0,1.0,4.89,2.078728243689182,0.2078728243689182,100,3.0,5.0,6.0,0.84,0.9180567971690438,0.09180567971690437,100,0.0,1.0,1.0,4.89,2.078728243689182,0.2078728243689182,100,3.0,5.0,6.0,0.84,0.9180567971690438,0.09180567971690437,100,0.0,1.0,1.0,4.89,2.078728243689182,0.2078728243689182,100,3.0,5.0,6.0,0.84,0.9180567971690438,0.09180567971690437,100,0.0,1.0,1.0,4.85,2.0468009037016617,0.20468009037016616,100,3.0,5.0,6.0,0.78,0.8478135872866626,0.08478135872866625,100,0.0,1.0,1.0
274.5,305.0,3.74,1.9416747951449054,0.19416747951449054,100,2.0,3.0,5.0,0.79,1.0664298979645719,0.10664298979645719,100,0.0,0.0,1.0,3.74,1.9416747951449054,0.19416747951449054,100,2.0,3.0,5.0,0.79,1.0664298979645719,0.10664298979645719,100,0.0,0.0,1.0,3.74,1.9416747951449054,0.19416747951449054,100,2.0,3.0,5.0,0.79,1.0664298979645719,0.10664298979645719,100,0.0,0.0,1.0,4.31,2.0631201240995747,0.20631201240995747,100,3.0,4.0,6.0,0.77,1.0811049342167847,0.10811049342167847,100,0.0,0.0,1.0,3.74,1.9416747951449054,0.19416747951449054,100,2.0,3.0,5.0,0.79,1.0664298979645719,0.10664298979645719,100,0.0,0.0,1.0,3.74,1.9416747951449054,0.19416747951449054,100,2.0,3.0,5.0,0.79,1.0664298979645719,0.10664298979645719,100,0.0,0.0,1.0,3.74,1.9416747951449054,0.19416747951449054,100,2.0,3.0,5.0,0.79,1.0664298979645719,0.10664298979645719,100,0.0,0.0,1.0,4.24,2.055394479083386,0.2055394479083386,100,3.0,4.0,6.0,0.84,1.1434486203912912,0.11434486203912912,100,0.0,0.5,1.0,5.41,2.913205738832682,0.2913205738832682,100,3.75,6.0,8.0,0.82,0.9252900173251712,0.09252900173251713,100,0.0,1.0,1.0,6.74,2.3424928446577433,0.23424928446577434,100,5.0,7.0,8.0,0.74,0.7865022940753946,0.07865022940753946,100,0.0,1.0,1.0,5.35,2.2355032425551853,0.22355032425551852,100,4.0,5.0,7.0,1.04,1.0533256616521547,0.10533256616521547,100,0.0,1.0,1.0,5.84,2.355822359580406,0.23558223595804062,100,4.0,6.0,7.0,0.99,1.0100005000498813,0.10100005000498813,100,0.0,1.0,1.0,5.96,2.378013770975579,0.23780137709755791,100,4.0,6.0,8.0,1.07,1.112418422840412,0.11124184228404119,100,0.0,1.0,1.0,5.96,2.378013770975579,0.23780137709755791,100,4.0,6.0,8.0,1.07,1.112418422840412,0.11124184228404119,100,0.0,1.0,1.0,5.96,2.378013770975579,0.23780137709755791,100,4.0,6.0,8.0,1.07,1.112418422840412,0.11124184228404119,100,0.0,1.0,1.0,5.84,2.355822359580406,0.23558223595804062,100,4.0,6.0,7.0,0.99,1.0100005000498813,0.10100005000498813,100,0.0,1.0,1.0
305.0,335.5,4.37,2.214073443253681,0.22140734432536807,100,3.0,4.0,6.0,0.63,0.8122173167921072,0.08122173167921072,100,0.0,0.0,1.0,4.37,2.214073443253681,0.22140734432536807,100,3.0,4.0,6.0,0.63,0.8122173167921072,0.08122173167921072,100,0.0,0.0,1.0,4.37,2.214073443253681,0.22140734432536807,100,3.0,4.0,6.0,0.63,0.8122173167921072,0.08122173167921072,100,0.0,0.0,1.0,5.0,2.3441308613107537,0.23441308613107537,100,3.0,5.0,6.0,0.69,0.8609954304833052,0.08609954304833052,100,0.0,0.0,1.0,4.37,2.214073443253681,0.22140734432536807,100,3.0,4.0,6.0,0.63,0.8122173167921072,0.08122173167921072,100,0.0,0.0,1.0,4.37,2.214073443253681,0.22140734432536807,100,3.0,4.0,6.0,0.63,0.8122173167921072,0.08122173167921072,100,0.0,0.0,1.0,4.37,2.214073443253681,0.22140734432536807,100,3.0,4.0,6.0,0.63,0.8122173167921072,0.08122173167921072,100,0.0,0.0,1.0,4.91,2.3315794273973656,0.23315794273973656,100,3.0,5.0,6.0,0.67,0.8171767114754178,0.08171767114754178,100,0.0,0.0,1.0,6.24,3.1305597008209314,0.3130559700820931,100,4.0,6.5,8.25,0.83,0.8882510337679873,0.08882510337679873,100,0.0,1.0,1.0,7.69,2.55325104701651,0.25532510470165104,100,6.0,8.0,9.0,0.95,0.8804842561071297,0.08804842561071297,100,0.0,1.0,2.0,6.17,2.486549676344571,0.2486549676344571,100,4.0,6.0,8.0,0.82,0.9031929892097129,0.09031929892097129,100,0.0,1.0,1.0,6.68,2.5539828274340994,0.2553982827434099,100,5.0,7.0,8.0,0.84,0.8957813586050122,0.08957813586050122,100,0.0,1.0,1.0,6.82,2.6029509283414347,0.2602950928341435,100,5.0,7.0,8.0,0.86,0.9213516640723499,0.09213516640723499,100,0.0,1.0,1.0,6.82,2.6029509283414347,0.2602950928341435,100,5.0,7.0,8.0,0.86,0.9213516640723499,0.09213516640723499,100,0.0,1.0,1.0,6.82,2.6029509283414347,0.2602950928341435,100,5.0,7.0,8.0,0.86,0.9213516640723499,0.09213516640723499,100,0.0,1.0,1.0,6.68,2.5539828274340994,0.2553982827434099,100,5.0,7.0,8.0,0.84,0.8957813586050122,0.08957813586050122,100,0.0,1.0,1.0
335.5,366.0,5.24,2.3873403484618474,0.23873403484618475,100,3.0,5.0,7.0,0.87,1.021535781818412,0.1021535781818412,100,0.0,1.0,1.0,5.24,2.3873403484618474,0.23873403484618475,100,3.0,5.0,7.0,0.87,1.021535781818412,0.1021535781818412,100,0.0,1.0,1.0,5.24,2.3873403484618474,0.23873403484618475,100,3.0,5.0,7.0,0.87,1.021535781818412,0.1021535781818412,100,0.0,1.0,1.0,5.82,2.5241460202042862,0.25241460202042865,100,4.0,6.0,8.0,0.82,0.9679719505077079,0.09679719505077079,100,0.0,1.0,1.0,5.24,2.3873403484618474,0.23873403484618475,100,3.0,5.0,7.0,0.87,1.021535781818412,0.1021535781818412,100,0.0,1.0,1.0,5.24,2.3873403484618474,0.23873403484618475,100,3.0,5.0,7.0,0.87,1.021535781818412,0.1021535781818412,100,0.0,1.0,1.0,5.24,2.3873403484618474,0.23873403484618475,100,3.0,5.0,7.0,0.87,1.021535781818412,0.1021535781818412,100,0.0,1.0,1.0,5.74,2.5251062583902515,0.25251062583902517,100,4.0,6.0,7.25,0.83,0.9749902874419109,0.09749902874419109,100,0.0,1.0,1.0,6.91,3.200678589665547,0.3200678589665547,100,5.0,7.0,10.0,0.67,0.853454063429215,0.08534540634292151,100,0.0,0.0,1.0,8.33,2.6248809496813372,0.26248809496813374,100,6.0,8.0,10.0,0.64,0.8105366721929963,0.08105366721929963,100,0.0,0.0,1.0,7.03,2.6721723467068985,0.26721723467068986,100,5.0,7.0,9.0,0.86,0.9849370589540272,0.09849370589540271,100,0.0,1.0,1.25,7.48,2.657104066498341,0.2657104066498341,100,5.0,7.5,9.25,0.8,0.9639984073082953,0.09639984073082954,100,0.0,1.0,1.0,7.65,2.7279881216602075,0.27279881216602075,100,5.0,8.0,10.0,0.83,0.9852959356498332,0.09852959356498332,100,0.0,1.0,1.0,7.65,2.7279881216602075,0.27279881216602075,100,5.0,8.0,10.0,0.83,0.9852959356498332,0.09852959356498332,100,0.0,1.0,1.0,7.65,2.7279881216602075,0.27279881216602075,100,5.0,8.0,10.0,0.83,0.9852959356498332,0.09852959356498332,100,0.0,1.0,1.0,7.48,2.657104066498341,0.2657104066498341,100,5.0,7.5,9.25,0.8,0.9639984073082953,0.09639984073082954,100,0.0,1.0,1.0
366.0,396.5,6.15,2.4592640765033345,0.24592640765033344,100,4.0,6.0,8.0,0.91,0.9111542241585778,0.09111542241585778,100,0.0,1.0,1.0,6.15,2.4592640765033345,0.24592640765033344,100,4.0,6.0,8.0,0.91,0.9111542241585778,0.09111542241585778,100,0.0,1.0,1.0,6.15,2.4592640765033345,0.24592640765033344,100,4.0,6.0,8.0,0.91,0.9111542241585778,0.09111542241585778,100,0.0,1.0,1.0,6.72,2.522945208531592,0.2522945208531592,100,5.0,7.0,9.0,0.9,0.8932971498777992,0.08932971498777992,100,0.0,1.0,1.0,6.15,2.4592640765033345,0.24592640765033344,100,4.0,6.0,8.0,0.91,0.9111542241585778,0.09111542241585778,100,0.0,1.0,1.0,6.15,2.4592640765033345,0.24592640765033344,100,4.0,6.0,8.0,0.91,0.9111542241585778,0.09111542241585778,100,0.0,1.0,1.0,6.15,2.4592640765033345,0.24592640765033344,100,4.0,6.0,8.0,0.91,0.9111542241585778,0.09111542241585778,100,0.0,1.0,1.0,6.66,2.5275052578150703,0.25275052578150703,100,5.0,7.0,9.0,0.92,0.872474710929848,0.0872474710929848,100,0.0,1.0,1.0,7.63,3.122596045057071,0.3122596045057071,100,5.75,8.0,10.0,0.72,0.8418354166265927,0.08418354166265926,100,0.0,1.0,1.0,9.01,2.4842737694578187,0.24842737694578187,100,7.0,9.0,11.0,0.68,0.8150106896491753,0.08150106896491753,100,0.0,1.0,1.0,7.92,2.6118610571426237,0.2611861057142624,100,6.0,8.0,10.0,0.89,0.9416834270431208,0.09416834270431208,100,0.0,1.0,1.0,8.29,2.5753101215624934,0.25753101215624935,100,6.0,8.0,10.0,0.81,0.895499409223251,0.0895499409223251,100,0.0,1.0,1.0,8.49,2.6798726036356975,0.26798726036356973,100,6.0,8.0,10.0,0.84,0.9180567971690433,0.09180567971690433,100,0.0,1.0,1.0,8.49,2.6798726036356975,0.26798726036356973,100,6.0,8.0,10.0,0.84,0.9180567971690433,0.09180567971690433,100,0.0,1.0,1.0,8.49,2.6798726036356975,0.26798726036356973,100,6.0,8.0,10.0,0.84,0.9180567971690433,0.09180567971690433,100,0.0,1.0,1.0,8.29,2.5753101215624934,0.25753101215624935,100,6.0,8.0,10.0,0.81,0.895499409223251,0.0895499409223251,100,0.0,1.0,1.0
396.5,427.0,6.83,2.554674859226441,0.2554674859226441,100,5.0,7.0,9.0,0.68,0.9835002426398932,0.09835002426398932,100,0.0,0.0,1.0,6.83,2.554674859226441,0.2554674859226441,100,5.0,7.0,9.0,0.68,0.9835002426398932,0.09835002426398932,100,0.0,0.0,1.0,6.83,2.554674859226441,0.2554674859226441,100,5.0,7.0,9.0,0.68,0.9835002426398932,0.09835002426398932,100,0.0,0.0,1.0,7.45,2.6605042432371406,0.26605042432371406,100,5.75,7.0,9.0,0.73,0.9832434473555756,0.09832434473555755,100,0.0,0.0,1.0,6.83,2.554674859226441,0.2554674859226441,100,5.0,7.0,9.0,0.68,0.9835002426398932,0.09835002426398932,100,0.0,0.0,1.0,6.83,2.554674859226441,0.2554674859226441,100,5.0,7.0,9.0,0.68,0.9835002426398932,0.09835002426398932,100,0.0,0.0,1.0,6.83,2.554674859226441,0.2554674859226441,100,5.0,7.0,9.0,0.68,0.9835002426398932,0.09835002426398932,100,0.0,0.0,1.0,7.37,2.6501572280401273,0.26501572280401275,100,5.0,7.0,9.0,0.71,0.9877532918986228,0.09877532918986229,100,0.0,0.0,1.0,8.24,3.1402245303497174,0.3140224530349717,100,6.0,8.0,10.0,0.61,0.8977525248973672,0.08977525248973672,100,0.0,0.0,1.0,9.54,2.630128467884365,0.2630128467884365,100,7.0,9.5,11.0,0.53,0.7843803447642771,0.0784380344764277,100,0.0,0.0,1.0,8.51,2.6188709110005504,0.26188709110005504,100,6.0,8.0,10.0,0.59,0.8420153793072306,0.08420153793072306,100,0.0,0.0,1.0,8.87,2.6040178745371714,0.2604017874537171,100,7.0,9.0,11.0,0.58,0.8549322142188179,0.08549322142188179,100,0.0,0.0,1.0,9.09,2.7008977183241285,0.27008977183241284,100,7.0,9.0,11.0,0.6,0.887625364598594,0.0887625364598594,100,0.0,0.0,1.0,9.09,2.7008977183241285,0.27008977183241284,100,7.0,9.0,11.0,0.6,0.887625364598594,0.0887625364598594,100,0.0,0.0,1.0,9.09,2.7008977183241285,0.27008977183241284,100,7.0,9.0,11.0,0.6,0.887625364598594,0.0887625364598594,100,0.0,0.0,1.0,8.87,2.6040178745371714,0.2604017874537171,100,7.0,9.0,11.0,0.58,0.8549322142188179,0.08549322142188179,100,0.0,0.0,1.0
427.0,457.5,7.6,2.616960994834437,0.2616960994834437,100,6.0,7.0,9.25,0.77,0.9624778627914701,0.09624778627914701,100,0.0,1.0,1.0,7.6,2.616960994834437,0.2616960994834437,100,6.0,7.0,9.25,0.77,0.9624778627914701,0.09624778627914701,100,0.0,1.0,1.0,7.6,2.616960994834437,0.2616960994834437,100,6.0,7.0,9.25,0.77,0.9624778627914701,0.09624778627914701,100,0.0,1.0,1.0,8.15,2.694457461178597,0.2694457461178597,100,6.0,8.0,10.0,0.7,0.904534033733291,0.0904534033733291,100,0.0,0.0,1.0,7.6,2.616960994834437,0.2616960994834437,100,6.0,7.0,9.25,0.77,0.9624778627914701,0.09624778627914701,100,0.0,1.0,1.0,7.6,2.616960994834437,0.2616960994834437,100,6.0,7.0,9.25,0.77,0.9624778627914701,0.09624778627914701,100,0.0,1.0,1.0,7.6,2.616960994834437,0.2616960994834437,100,6.0,7.0,9.25,0.77,0.9624778627914701,0.09624778627914701,100,0.0,1.0,1.0,8.08,2.6654542698471615,0.26654542698471617,100,6.0,8.0,10.0,0.71,0.9022418766829678,0.09022418766829679,100,0.0,0.5,1.0,8.88,3.131075911509711,0.3131075911509711,100,7.0,9.0,11.0,0.64,0.7979772407579535,0.07979772407579536,100,0.0,0.0,1.0,10.13,2.650157228040127,0.2650157228040127,100,8.0,10.0,12.0,0.59,0.7666666666666673,0.07666666666666673,100,0.0,0.0,1.0,9.14,2.605433328312746,0.2605433328312746,100,7.0,9.0,11.0,0.63,0.8367203894378399,0.08367203894378399,100,0.0,0.0,1.0,9.53,2.5993588953175872,0.2599358895317587,100,7.0,9.0,11.0,0.66,0.8435135751813077,0.08435135751813076,100,0.0,0.0,1.0,9.81,2.7365649779948367,0.27365649779948364,100,7.0,10.0,12.0,0.72,0.8770934552788142,0.08770934552788143,100,0.0,0.0,1.0,9.81,2.7365649779948367,0.27365649779948364,100,7.0,10.0,12.0,0.72,0.8770934552788142,0.08770934552788143,100,0.0,0.0,1.0,9.81,2.7365649779948367,0.27365649779948364,100,7.0,10.0,12.0,0.72,0.8770934552788142,0.08770934552788143,100,0.0,0.0,1.0,9.53,2.5993588953175872,0.2599358895317587,100,7.0,9.0,11.0,0.66,0.8435135751813077,0.08435135751813076,100,0.0,0.0,1.0
457.5,488.0,8.09,2.5389690105165994,0.25389690105165996,100,6.0,8.0,10.0,0.49,0.6889459083603474,0.06889459083603475,100,0.0,0.0,1.0,8.09,2.5389690105165994,0.25389690105165996,100,6.0,8.0,10.0,0.49,0.6889459083603474,0.06889459083603475,100,0.0,0.0,1.0,8.09,2.5389690105165994,0.25389690105165996,100,6.0,8.0,10.0,0.49,0.6889459083603474,0.06889459083603475,100,0.0,0.0,1.0,8.63,2.6539659669135447,0.26539659669135446,100,6.75,8.0,11.0,0.48,0.7032392583932265,0.07032392583932265,100,0.0,0.0,1.0,8.09,2.5389690105165994,0.25389690105165996,100,6.0,8.0,10.0,0.49,0.6889459083603474,0.06889459083603475,100,0.0,0.0,1.0,8.09,2.5389690105165994,0.25389690105165996,100,6.0,8.0,10.0,0.49,0.6889459083603474,0.06889459083603475,100,0.0,0.0,1.0,8.09,2.5389690105165994,0.25389690105165996,100,6.0,8.0,10.0,0.49,0.6889459083603474,0.06889459083603475,100,0.0,0.0,1.0,8.57,2.652443127656943,0.2652443127656943,100,6.0,8.0,10.0,0.49,0.6889459083603474,0.06889459083603475,100,0.0,0.0,1.0,9.42,3.146843857363479,0.3146843857363479,100,7.0,9.0,11.25,0.54,0.7305733185227706,0.07305733185227706,100,0.0,0.0,1.0,10.63,2.7730849247724088,0.2773084924772409,100,8.0,10.5,13.0,0.5,0.7316785737969477,0.07316785737969476,100,0.0,0.0,1.0,9.74,2.6614342605505636,0.26614342605505636,100,8.0,10.0,11.0,0.6,0.7784989441615224,0.07784989441615224,100,0.0,0.0,1.0,10.07,2.6789678398347165,0.26789678398347166,100,8.0,10.0,12.0,0.54,0.7967104083338405,0.07967104083338405,100,0.0,0.0,1.0,10.36,2.7652972149244084,0.2765297214924408,100,8.0,10.0,12.0,0.55,0.7571210756756964,0.07571210756756964,100,0.0,0.0,1.0,10.36,2.7652972149244084,0.2765297214924408,100,8.0,10.0,12.0,0.55,0.7571210756756964,0.07571210756756964,100,0.0,0.0,1.0,10.36,2.7652972149244084,0.2765297214924408,100,8.0,10.0,12.0,0.55,0.7571210756756964,0.07571210756756964,100,0.0,0.0,1.0,10.07,2.6789678398347165,0.26789678398347166,100,8.0,10.0,12.0,0.54,0.7967104083338405,0.07967104083338405,100,0.0,0.0,1.0
488.0,518.5,8.57,2.6218005995571794,0.2621800599557179,100,6.75,8.0,10.0,0.48,0.7174590404667537,0.07174590404667537,100,0.0,0.0,1.0,8.57,2.6218005995571794,0.2621800599557179,100,6.75,8.0,10.0,0.48,0.7174590404667537,0.07174590404667537,100,0.0,0.0,1.0,8.57,2.6218005995571794,0.2621800599557179,100,6.75,8.0,10.0,0.48,0.7174590404667537,0.07174590404667537,100,0.0,0.0,1.0,9.16,2.7255617528661626,0.27255617528661624,100,7.0,9.0,11.0,0.53,0.7713951678941898,0.07713951678941898,100,0.0,0.0,1.0,8.57,2.6218005995571794,0.2621800599557179,100,6.75,8.0,10.0,0.48,0.7174590404667537,0.07174590404667537,100,0.0,0.0,1.0,8.57,2.6218005995571794,0.2621800599557179,100,6.75,8.0,10.0,0.48,0.7174590404667537,0.07174590404667537,100,0.0,0.0,1.0,8.57,2.6218005995571794,0.2621800599557179,100,6.75,8.0,10.0,0.48,0.7174590404667537,0.07174590404667537,100,0.0,0.0,1.0,9.12,2.7313370389247136,0.2731337038924714,100,7.0,9.0,11.0,0.55,0.7833494518006404,0.07833494518006404,100,0.0,0.0,1.0,9.93,3.1502925950367584,0.31502925950367583,100,8.0,10.0,12.0,0.51,0.6889459083603477,0.06889459083603477,100,0.0,0.0,1.0,11.11,2.870592801200307,0.2870592801200307,100,9.0,11.0,13.0,0.48,0.6432242017658957,0.06432242017658957,100,0.0,0.0,1.0,10.22,2.68771992287857,0.268771992287857,100,8.0,10.0,12.0,0.48,0.5942485280851044,0.05942485280851044,100,0.0,0.0,1.0,10.56,2.7129319932501073,0.2712931993250107,100,8.0,10.0,12.0,0.49,0.6112580172368813,0.06112580172368813,100,0.0,0.0,1.0,10.84,2.7950894891801323,0.27950894891801326,100,8.75,10.0,13.0,0.48,0.6273239621880817,0.06273239621880818,100,0.0,0.0,1.0,10.84,2.7950894891801323,0.27950894891801326,100,8.75,10.0,13.0,0.48,0.6273239621880817,0.06273239621880818,100,0.0,0.0,1.0,10.84,2.7950894891801323,0.27950894891801326,100,8.75,10.0,13.0,0.48,0.6273239621880817,0.06273239621880818,100,0.0,0.0,1.0,10.56,2.7129319932501073,0.2712931993250107,100,8.0,10.0,12.0,0.49,0.6112580172368813,0.06112580172368813,100,0.0,0.0,1.0
518.5,549.0,9.04,2.647354311097185,0.2647354311097185,100,7.0,9.0,11.0,0.47,0.7581876316905236,0.07581876316905237,100,0.0,0.0,1.0,9.04,2.647354311097185,0.2647354311097185,100,7.0,9.0,11.0,0.47,0.7581876316905236,0.07581876316905237,100,0.0,0.0,1.0,9.04,2.647354311097185,0.2647354311097185,100,7.0,9.0,11.0,0.47,0.7581876316905236,0.07581876316905237,100,0.0,0.0,1.0,9.63,2.747468991378402,0.27474689913784023,100,7.0,10.0,11.25,0.47,0.7713951678941898,0.07713951678941898,100,0.0,0.0,1.0,9.04,2.647354311097185,0.2647354311097185,100,7.0,9.0,11.0,0.47,0.7581876316905236,0.07581876316905237,100,0.0,0.0,1.0,9.04,2.647354311097185,0.2647354311097185,100,7.0,9.0,11.0,0.47,0.7581876316905236,0.07581876316905237,100,0.0,0.0,1.0,9.04,2.647354311097185,0.2647354311097185,100,7.0,9.0,11.0,0.47,0.7581876316905236,0.07581876316905237,100,0.0,0.0,1.0,9.6,2.741377667369367,0.2741377667369367,100,7.0,9.5,11.25,0.48,0.7717224601860154,0.07717224601860154,100,0.0,0.0,1.0,10.33,3.2506564993501965,0.32506564993501963,100,8.0,10.0,12.25,0.4,0.6195469181897231,0.061954691818972306,100,0.0,0.0,1.0,11.52,2.945566776761925,0.2945566776761925,100,9.0,11.0,14.0,0.41,0.5876678784428626,0.05876678784428626,100,0.0,0.0,1.0,10.65,2.7720648322763717,0.2772064832276372,100,8.0,10.5,12.0,0.43,0.6999999999999995,0.06999999999999995,100,0.0,0.0,1.0,10.99,2.7870370929673256,0.27870370929673255,100,9.0,11.0,13.0,0.43,0.6999999999999995,0.06999999999999995,100,0.0,0.0,1.0,11.31,2.936000853218711,0.2936000853218711,100,9.0,11.0,13.0,0.47,0.7843803447642768,0.07843803447642768,100,0.0,0.0,1.0,11.31,2.936000853218711,0.2936000853218711,100,9.0,11.0,13.0,0.47,0.7843803447642768,0.07843803447642768,100,0.0,0.0,1.0,11.31,2.936000853218711,0.2936000853218711,100,9.0,11.0,13.0,0.47,0.7843803447642768,0.07843803447642768,100,0.0,0.0,1.0,10.99,2.7870370929673256,0.27870370929673255,100,9.0,11.0,13.0,0.43,0.6999999999999995,0.06999999999999995,100,0.0,0.0,1.0
549.0,579.5,9.62,2.762592838606368,0.2762592838606368,100,8.0,9.0,12.0,0.58,0.965882649667801,0.09658826496678011,100,0.0,0.0,1.0,9.62,2.762592838606368,0.2762592838606368,100,8.0,9.0,12.0,0.58,0.965882649667801,0.09658826496678011,100,0.0,0.0,1.0,9.62,2.762592838606368,0.2762592838606368,100,8.0,9.0,12.0,0.58,0.965882649667801,0.09658826496678011,100,0.0,0.0,1.0,10.23,2.887993256658514,0.28879932566585137,100,8.0,10.0,12.0,0.6,1.0249414863810762,0.10249414863810762,100,0.0,0.0,1.0,9.62,2.762592838606368,0.2762592838606368,100,8.0,9.0,12.0,0.58,0.965882649667801,0.09658826496678011,100,0.0,0.0,1.0,9.62,2.762592838606368,0.2762592838606368,100,8.0,9.0,12.0,0.58,0.965882649667801,0.09658826496678011,100,0.0,0.0,1.0,9.62,2.762592838606368,0.2762592838606368,100,8.0,9.0,12.0,0.58,0.965882649667801,0.09658826496678011,100,0.0,0.0,1.0,10.21,2.8965147988225395,0.2896514798822539,100,8.0,10.0,12.0,0.61,1.0239061667867033,0.10239061667867033,100,0.0,0.0,1.0,10.63,3.1898038317188857,0.3189803831718886,100,8.75,10.0,13.0,0.3,0.5773502691896257,0.057735026918962574,100,0.0,0.0,0.25,11.82,2.8828296985266193,0.28828296985266194,100,9.0,12.0,14.0,0.3,0.5222329678670933,0.052223296786709325,100,0.0,0.0,1.0,11.03,2.7467335973016125,0.27467335973016127,100,9.0,11.0,13.0,0.38,0.615949624071595,0.061594962407159504,100,0.0,0.0,1.0,11.32,2.766611901612044,0.2766611901612044,100,9.0,11.0,13.0,0.33,0.5695115752497341,0.05695115752497341,100,0.0,0.0,1.0,11.65,2.92800825190646,0.292800825190646,100,9.0,11.0,14.0,0.34,0.6231234454607119,0.06231234454607119,100,0.0,0.0,1.0,11.65,2.92800825190646,0.292800825190646,100,9.0,11.0,14.0,0.34,0.6231234454607119,0.06231234454607119,100,0.0,0.0,1.0,11.65,2.92800825190646,0.292800825190646,100,9.0,11.0,14.0,0.34,0.6231234454607119,0.06231234454607119,100,0.0,0.0,1.0,11.32,2.766611901612044,0.2766611901612044,100,9.0,11.0,13.0,0.33,0.5695115752497341,0.05695115752497341,100,0.0,0.0,1.0
579.5,610.0,9.98,2.7960289300681027,0.2796028930068103,100,8.0,10.0,12.0,0.36,0.5777000724747868,0.05777000724747868,100,0.0,0.0,1.0,9.98,2.7960289300681027,0.2796028930068103,100,8.0,10.0,12.0,0.36,0.5777000724747868,0.05777000724747868,100,0.0,0.0,1.0,9.98,2.7960289300681027,0.2796028930068103,100,8.0,10.0,12.0,0.36,0.5777000724747868,0.05777000724747868,100,0.0,0.0,1.0,10.6,2.881497926952282,0.2881497926952282,100,8.0,10.0,12.0,0.37,0.6138963160572696,0.061389631605726955,100,0.0,0.0,1.0,9.98,2.7960289300681027,0.2796028930068103,100,8.0,10.0,12.0,0.36,0.5777000724747868,0.05777000724747868,100,0.0,0.0,1.0,9.98,2.7960289300681027,0.2796028930068103,100,8.0,10.0,12.0,0.36,0.5777000724747868,0.05777000724747868,100,0.0,0.0,1.0,9.98,2.7960289300681027,0.2796028930068103,100,8.0,10.0,12.0,0.36,0.5777000724747868,0.05777000724747868,100,0.0,0.0,1.0,10.58,2.8821288428289704,0.28821288428289704,100,8.0,10.0,12.0,0.37,0.5972157622389639,0.059721576223896386,100,0.0,0.0,1.0,10.89,3.206354171127554,0.3206354171127554,100,9.0,11.0,13.0,0.26,0.484507455822379,0.0484507455822379,100,0.0,0.0,0.0,12.14,2.871032616120598,0.2871032616120598,100,9.0,12.0,14.0,0.32,0.5295319068800671,0.05295319068800671,100,0.0,0.0,1.0,11.39,2.766666666666667,0.2766666666666667,100,9.0,11.0,13.0,0.36,0.5777000724747867,0.057770007247478675,100,0.0,0.0,1.0,11.68,2.777543424457568,0.2777543424457568,100,9.0,11.5,13.25,0.36,0.594928057784632,0.0594928057784632,100,0.0,0.0,1.0,12.01,2.9966142510668567,0.2996614251066857,100,9.0,12.0,14.0,0.36,0.5777000724747867,0.057770007247478675,100,0.0,0.0,1.0,12.01,2.9966142510668567,0.2996614251066857,100,9.0,12.0,14.0,0.36,0.5777000724747867,0.057770007247478675,100,0.0,0.0,1.0,12.01,2.9966142510668567,0.2996614251066857,100,9.0,12.0,14.0,0.36,0.5777000724747867,0.057770007247478675,100,0.0,0.0,1.0,11.68,2.777543424457568,0.2777543424457568,100,9.0,11.5,13.25,0.36,0.594928057784632,0.0594928057784632,100,0.0,0.0,1.0
610.0,640.5,10.38,2.9086426422305673,0.2908642642230567,100,8.0,10.0,12.25,0.4,0.7247430753394777,0.07247430753394776,100,0.0,0.0,1.0,10.38,2.9086426422305673,0.2908642642230567,100,8.0,10.0,12.25,0.4,0.7247430753394777,0.07247430753394776,100,0.0,0.0,1.0,10.38,2.9086426422305673,0.2908642642230567,100,8.0,10.0,12.25,0.4,0.7247430753394777,0.07247430753394776,100,0.0,0.0,1.0,10.99,2.9353126930636546,0.29353126930636547,100,8.75,11.0,13.0,0.39,0.7091750791795297,0.07091750791795297,100,0.0,0.0,1.0,10.38,2.9086426422305673,0.2908642642230567,100,8.0,10.0,12.25,0.4,0.7247430753394777,0.07247430753394776,100,0.0,0.0,1.0,10.38,2.9086426422305673,0.2908642642230567,100,8.0,10.0,12.25,0.4,0.7247430753394777,0.07247430753394776,100,0.0,0.0,1.0,10.38,2.9086426422305673,0.2908642642230567,100,8.0,10.0,12.25,0.4,0.7247430753394777,0.07247430753394776,100,0.0,0.0,1.0,10.96,2.9333333333333336,0.29333333333333333,100,8.75,11.0,13.0,0.38,0.6931118527366557,0.06931118527366556,100,0.0,0.0,1.0,11.32,3.2094557265377652,0.32094557265377655,100,9.0,11.5,14.0,0.43,0.6705191716841205,0.06705191716841205,100,0.0,0.0,1.0,12.51,2.924970862325734,0.2924970862325734,100,10.0,12.0,15.0,0.37,0.580055727033745,0.058005572703374496,100,0.0,0.0,1.0,11.78,2.8233514006076414,0.28233514006076416,100,9.75,11.5,14.0,0.39,0.6497085593719787,0.06497085593719787,100,0.0,0.0,1.0,12.05,2.847557876248675,0.28475578762486753,100,10.0,12.0,14.0,0.37,0.5972157622389639,0.059721576223896386,100,0.0,0.0,1.0,12.41,3.098044348920587,0.30980443489205867,100,10.0,12.0,15.0,0.4,0.6195469181897231,0.061954691818972306,100,0.0,0.0,1.0,12.41,3.098044348920587,0.30980443489205867,100,10.0,12.0,15.0,0.4,0.6195469181897231,0.061954691818972306,100,0.0,0.0,1.0,12.41,3.098044348920587,0.30980443489205867,100,10.0,12.0,15.0,0.4,0.6195469181897231,0.061954691818972306,100,0.0,0.0,1.0,12.05,2.847557876248675,0.28475578762486753,100,10.0,12.0,14.0,0.37,0.5972157622389639,0.059721576223896386,100,0.0,0.0,1.0
640.5,671.0,10.7,2.9422042173455014,0.29422042173455015,100,9.0,10.0,13.0,0.32,0.6010092521851234,0.06010092521851233,100,0.0,0.0,1.0,10.7,2.9422042173455014,0.29422042173455015,100,9.0,10.0,13.0,0.32,0.6010092521851234,0.06010092521851233,100,0.0,0.0,1.0,10.7,2.9422042173455014,0.29422042173455015,100,9.0,10.0,13.0,0.32,0.6010092521851234,0.06010092521851233,100,0.0,0.0,1.0,11.3,2.9249881291307074,0.2924988129130707,100,9.0,11.0,13.25,0.31,0.5978919195596704,0.05978919195596703,100,0.0,0.0,1.0,10.7,2.9422042173455014,0.29422042173455015,100,9.0,10.0,13.0,0.32,0.6010092521851234,0.06010092521851233,100,0.0,0.0,1.0,10.7,2.9422042173455014,0.29422042173455015,100,9.0,10.0,13.0,0.32,0.6010092521851234,0.06010092521851233,100,0.0,0.0,1.0,10.7,2.9422042173455014,0.29422042173455015,100,9.0,10.0,13.0,0.32,0.6010092521851234,0.06010092521851233,100,0.0,0.0,1.0,11.28,2.923537362010397,0.29235373620103966,100,9.0,11.0,13.25,0.32,0.6010092521851234,0.06010092521851233,100,0.0,0.0,1.0,11.6,3.281413836698561,0.32814138366985607,100,9.0,12.0,14.0,0.28,0.5333333333333327,0.05333333333333327,100,0.0,0.0,0.0,12.83,2.9782206063013503,0.29782206063013505,100,11.0,13.0,15.0,0.32,0.6010092521851231,0.06010092521851231,100,0.0,0.0,1.0,12.15,2.854643567766368,0.2854643567766368,100,10.0,12.0,15.0,0.37,0.661418738375885,0.0661418738375885,100,0.0,0.0,1.0,12.41,2.867776388448272,0.2867776388448272,100,10.0,12.0,15.0,0.36,0.659353831222262,0.0659353831222262,100,0.0,0.0,1.0,12.81,3.125958438881774,0.3125958438881774,100,10.0,12.0,15.0,0.4,0.7106690545187009,0.07106690545187008,100,0.0,0.0,1.0,12.81,3.125958438881774,0.3125958438881774,100,10.0,12.0,15.0,0.4,0.7106690545187009,0.07106690545187008,100,0.0,0.0,1.0,12.81,3.125958438881774,0.3125958438881774,100,10.0,12.0,15.0,0.4,0.7106690545187009,0.07106690545187008,100,0.0,0.0,1.0,12.41,2.867776388448272,0.2867776388448272,100,10.0,12.0,15.0,0.36,0.659353831222262,0.0659353831222262,100,0.0,0.0,1.0
671.0,701.5,11.1,2.9318866956210288,0.2931886695621029,100,9.0,11.0,13.0,0.4,0.5860327153276883,0.05860327153276883,100,0.0,0.0,1.0,11.1,2.9318866956210288,0.2931886695621029,100,9.0,11.0,13.0,0.4,0.5860327153276883,0.05860327153276883,100,0.0,0.0,1.0,11.1,2.9318866956210288,0.2931886695621029,100,9.0,11.0,13.0,0.4,0.5860327153276883,0.05860327153276883,100,0.0,0.0,1.0,11.73,2.915839709607031,0.2915839709607031,100,9.75,11.5,14.0,0.43,0.6854181058288286,0.06854181058288286,100,0.0,0.0,1.0,11.1,2.9318866956210288,0.2931886695621029,100,9.0,11.0,13.0,0.4,0.5860327153276883,0.05860327153276883,100,0.0,0.0,1.0,11.1,2.9318866956210288,0.2931886695621029,100,9.0,11.0,13.0,0.4,0.5860327153276883,0.05860327153276883,100,0.0,0.0,1.0,11.1,2.9318866956210288,0.2931886695621029,100,9.0,11.0,13.0,0.4,0.5860327153276883,0.05860327153276883,100,0.0,0.0,1.0,11.71,2.9104305627528824,0.29104305627528826,100,9.75,11.5,14.0,0.43,0.6705191716841205,0.06705191716841205,100,0.0,0.0,1.0,11.91,3.2006785896655474,0.32006785896655476,100,9.0,12.0,14.0,0.31,0.5448565745851716,0.054485657458517155,100,0.0,0.0,1.0,13.1,2.986501618816222,0.2986501618816222,100,11.0,13.0,15.0,0.27,0.5096047190685836,0.05096047190685836,100,0.0,0.0,0.0,12.43,2.829337646013907,0.2829337646013907,100,10.0,12.0,15.0,0.28,0.5519478821831497,0.05519478821831497,100,0.0,0.0,0.0,12.68,2.824424496667195,0.2824424496667195,100,10.75,12.0,15.0,0.27,0.5478147589295221,0.054781475892952215,100,0.0,0.0,0.0,13.12,3.1567788210852736,0.3156778821085274,100,10.75,12.5,15.0,0.31,0.6307763374436202,0.06307763374436201,100,0.0,0.0,0.0,13.12,3.1567788210852736,0.3156778821085274,100,10.75,12.5,15.0,0.31,0.6307763374436202,0.06307763374436201,100,0.0,0.0,0.0,13.12,3.1567788210852736,0.3156778821085274,100,10.75,12.5,15.0,0.31,0.6307763374436202,0.06307763374436201,100,0.0,0.0,0.0,12.68,2.824424496667195,0.2824424496667195,100,10.75,12.0,15.0,0.27,0.5478147589295221,0.054781475892952215,100,0.0,0.0,0.0
701.5,732.0,11.41,2.9166709956677828,0.2916670995667783,100,9.0,11.0,14.0,0.31,0.5807518637703432,0.058075186377034314,100,0.0,0.0,1.0,11.41,2.9166709956677828,0.2916670995667783,100,9.0,11.0,14.0,0.31,0.5807518637703432,0.058075186377034314,100,0.0,0.0,1.0,11.41,2.9166709956677828,0.2916670995667783,100,9.0,11.0,14.0,0.31,0.5807518637703432,0.058075186377034314,100,0.0,0.0,1.0,12.01,2.91459233596201,0.291459233596201,100,10.0,12.0,14.0,0.28,0.55194788218315,0.05519478821831501,100,0.0,0.0,0.0,11.41,2.9166709956677828,0.2916670995667783,100,9.0,11.0,14.0,0.31,0.5807518637703432,0.058075186377034314,100,0.0,0.0,1.0,11.41,2.9166709956677828,0.2916670995667783,100,9.0,11.0,14.0,0.31,0.5807518637703432,0.058075186377034314,100,0.0,0.0,1.0,11.41,2.9166709956677828,0.2916670995667783,100,9.0,11.0,14.0,0.31,0.5807518637703432,0.058075186377034314,100,0.0,0.0,1.0,11.99,2.9111246047956225,0.29111246047956224,100,10.0,12.0,14.0,0.28,0.55194788218315,0.05519478821831501,100,0.0,0.0,0.0,12.01,3.2050937993491337,0.32050937993491335,100,9.75,12.0,14.0,0.1,0.3623715376697391,0.03623715376697391,100,0.0,0.0,0.0,13.2,2.954195783503986,0.2954195783503986,100,11.0,13.0,15.0,0.1,0.3623715376697391,0.03623715376697391,100,0.0,0.0,0.0,12.6,2.814105882725794,0.28141058827257937,100,10.0,12.5,15.0,0.17,0.4277023415055067,0.042770234150550666,100,0.0,0.0,0.0,12.8,2.796101181678128,0.2796101181678128,100,11.0,12.5,15.0,0.12,0.383497988352882,0.038349798835288204,100,0.0,0.0,0.0,13.27,3.1005212986258175,0.31005212986258174,100,11.0,13.0,15.25,0.15,0.4793724854411029,0.047937248544110286,100,0.0,0.0,0.0,13.27,3.1005212986258175,0.31005212986258174,100,11.0,13.0,15.25,0.15,0.4793724854411029,0.047937248544110286,100,0.0,0.0,0.0,13.27,3.1005212986258175,0.31005212986258174,100,11.0,13.0,15.25,0.15,0.4793724854411029,0.047937248544110286,100,0.0,0.0,0.0,12.8,2.796101181678128,0.2796101181678128,100,11.0,12.5,15.0,0.12,0.383497988352882,0.038349798835288204,100,0.0,0.0,0.0
732.0,762.5,11.72,2.9096842829184455,0.29096842829184455,100,9.75,11.5,14.0,0.31,0.5978919195596704,0.05978919195596703,100,0.0,0.0,1.0,11.72,2.9096842829184455,0.29096842829184455,100,9.75,11.5,14.0,0.31,0.5978919195596704,0.05978919195596703,100,0.0,0.0,1.0,11.72,2.9096842829184455,0.29096842829184455,100,9.75,11.5,14.0,0.31,0.5978919195596704,0.05978919195596703,100,0.0,0.0,1.0,12.31,2.8909297375541203,0.28909297375541204,100,10.0,12.0,14.0,0.3,0.5945883900105634,0.05945883900105634,100,0.0,0.0,0.25,11.72,2.9096842829184455,0.29096842829184455,100,9.75,11.5,14.0,0.31,0.5978919195596704,0.05978919195596703,100,0.0,0.0,1.0,11.72,2.9096842829184455,0.29096842829184455,100,9.75,11.5,14.0,0.31,0.5978919195596704,0.05978919195596703,100,0.0,0.0,1.0,11.72,2.9096842829184455,0.29096842829184455,100,9.75,11.5,14.0,0.31,0.5978919195596704,0.05978919195596703,100,0.0,0.0,1.0,12.29,2.889531785496387,0.2889531785496387,100,10.0,12.0,14.0,0.3,0.5945883900105634,0.05945883900105634,100,0.0,0.0,0.25,12.22,3.2116580569462054,0.32116580569462055,100,10.0,12.0,14.0,0.21,0.43333333333333346,0.04333333333333335,100,0.0,0.0,0.0,13.43,2.9687088646804565,0.29687088646804566,100,11.0,13.0,15.0,0.23,0.4461960433384739,0.04461960433384739,100,0.0,0.0,0.0,12.8,2.846227345278326,0.2846227345278326,100,11.0,13.0,15.0,0.2,0.4494665749754943,0.04494665749754943,100,0.0,0.0,0.0,13.03,2.851386336574551,0.2851386336574551,100,11.0,13.0,15.0,0.23,0.46828722947879914,0.04682872294787992,100,0.0,0.0,0.0,13.53,3.1445158288645647,0.31445158288645647,100,11.0,13.0,16.0,0.26,0.5049252369900861,0.050492523699008605,100,0.0,0.0,0.0,13.53,3.1445158288645647,0.31445158288645647,100,11.0,13.0,16.0,0.26,0.5049252369900861,0.050492523699008605,100,0.0,0.0,0.0,13.53,3.1445158288645647,0.31445158288645647,100,11.0,13.0,16.0,0.26,0.5049252369900861,0.050492523699008605,100,0.0,0.0,0.0,13.03,2.851386336574551,0.2851386336574551,100,11.0,13.0,15.0,0.23,0.46828722947879914,0.04682872294787992,100,0.0,0.0,0.0
762.5,793.0,11.87,2.8164559720372413,0.2816455972037241,100,10.0,12.0,14.0,0.15,0.38599209705627313,0.038599209705627316,100,0.0,0.0,0.0,11.87,2.8164559720372413,0.2816455972037241,100,10.0,12.0,14.0,0.15,0.38599209705627313,0.038599209705627316,100,0.0,0.0,0.0,11.87,2.8164559720372413,0.2816455972037241,100,10.0,12.0,14.0,0.15,0.38599209705627313,0.038599209705627316,100,0.0,0.0,0.0,12.48,2.7906047279173642,0.2790604727917364,100,10.0,12.0,14.25,0.17,0.40339468604243267,0.04033946860424327,100,0.0,0.0,0.0,11.87,2.8164559720372413,0.2816455972037241,100,10.0,12.0,14.0,0.15,0.38599209705627313,0.038599209705627316,100,0.0,0.0,0.0,11.87,2.8164559720372413,0.2816455972037241,100,10.0,12.0,14.0,0.15,0.38599209705627313,0.038599209705627316,100,0.0,0.0,0.0,11.87,2.8164559720372413,0.2816455972037241,100,10.0,12.0,14.0,0.15,0.38599209705627313,0.038599209705627316,100,0.0,0.0,0.0,12.46,2.7867652585140004,0.2786765258514,100,10.0,12.0,14.25,0.17,0.40339468604243267,0.04033946860424327,100,0.0,0.0,0.0,12.38,3.243579516646398,0.3243579516646398,100,10.0,12.5,14.25,0.16,0.3949172013974527,0.039491720139745265,100,0.0,0.0,0.0,13.62,2.919042322544858,0.2919042322544858,100,12.0,13.0,16.0,0.19,0.41911402464790626,0.04191140246479062,100,0.0,0.0,0.0,12.99,2.8086986094609516,0.2808698609460952,100,11.0,13.0,15.0,0.19,0.4191140246479063,0.04191140246479063,100,0.0,0.0,0.0,13.2,2.824853620950648,0.2824853620950648,100,11.0,13.0,15.0,0.17,0.4033946860424327,0.04033946860424327,100,0.0,0.0,0.0,13.72,3.1077615446140356,0.31077615446140355,100,11.75,13.0,16.0,0.19,0.4191140246479062,0.04191140246479062,100,0.0,0.0,0.0,13.72,3.1077615446140356,0.31077615446140355,100,11.75,13.0,16.0,0.19,0.4191140246479062,0.04191140246479062,100,0.0,0.0,0.0,13.72,3.1077615446140356,0.31077615446140355,100,11.75,13.0,16.0,0.19,0.4191140246479062,0.04191140246479062,100,0.0,0.0,0.0,13.2,2.824853620950648,0.2824853620950648,100,11.0,13.0,15.0,0.17,0.4033946860424327,0.04033946860424327,100,0.0,0.0,0.0
793.0,823.5,12.04,2.817406214548726,0.2817406214548726,100,10.0,12.0,14.0,0.17,0.37752516806863706,0.03775251680686371,100,0.0,0.0,0.0,12.04,2.817406214548726,0.2817406214548726,100,10.0,12.0,14.0,0.17,0.37752516806863706,0.03775251680686371,100,0.0,0.0,0.0,12.04,2.817406214548726,0.2817406214548726,100,10.0,12.0,14.0,0.17,0.37752516806863706,0.03775251680686371,100,0.0,0.0,0.0,12.64,2.783501174398672,0.2783501174398672,100,10.0,13.0,15.0,0.16,0.36845294917747107,0.03684529491774711,100,0.0,0.0,0.0,12.04,2.817406214548726,0.2817406214548726,100,10.0,12.0,14.0,0.17,0.37752516806863706,0.03775251680686371,100,0.0,0.0,0.0,12.04,2.817406214548726,0.2817406214548726,100,10.0,12.0,14.0,0.17,0.37752516806863706,0.03775251680686371,100,0.0,0.0,0.0,12.04,2.817406214548726,0.2817406214548726,100,10.0,12.0,14.0,0.17,0.37752516806863706,0.03775251680686371,100,0.0,0.0,0.0,12.63,2.783991030985204,0.2783991030985204,100,10.0,13.0,15.0,0.17,0.37752516806863706,0.03775251680686371,100,0.0,0.0,0.0,12.52,3.2207659544483094,0.3220765954448309,100,10.0,13.0,15.0,0.14,0.37658754867650873,0.03765875486765087,100,0.0,0.0,0.0,13.82,2.934916927910802,0.29349169279108017,100,12.0,14.0,16.0,0.2,0.44946657497549414,0.04494665749754941,100,0.0,0.0,0.0,13.21,2.8543604778257667,0.2854360477825767,100,11.0,13.0,15.0,0.22,0.48367281703584963,0.048367281703584966,100,0.0,0.0,0.0,13.41,2.8642519780807336,0.28642519780807335,100,11.0,13.5,15.0,0.21,0.4560480215720688,0.04560480215720688,100,0.0,0.0,0.0,13.94,3.1392593863759486,0.3139259386375949,100,11.75,14.0,16.25,0.22,0.46231739501923813,0.046231739501923816,100,0.0,0.0,0.0,13.94,3.1392593863759486,0.3139259386375949,100,11.75,14.0,16.25,0.22,0.46231739501923813,0.046231739501923816,100,0.0,0.0,0.0,13.94,3.1392593863759486,0.3139259386375949,100,11.75,14.0,16.25,0.22,0.46231739501923813,0.046231739501923816,100,0.0,0.0,0.0,13.41,2.8642519780807336,0.28642519780807335,100,11.0,13.5,15.0,0.21,0.4560480215720688,0.04560480215720688,100,0.0,0.0,0.0
823.5,854.0,12.19,2.802217736440952,0.2802217736440952,100,10.0,12.0,14.0,0.15,0.41132945334843185,0.041132945334843185,100,0.0,0.0,0.0,12.19,2.802217736440952,0.2802217736440952,100,10.0,12.0,14.0,0.15,0.41132945334843185,0.041132945334843185,100,0.0,0.0,0.0,12.19,2.802217736440952,0.2802217736440952,100,10.0,12.0,14.0,0.15,0.41132945334843185,0.041132945334843185,100,0.0,0.0,0.0,12.8,2.7560768487035334,0.27560768487035336,100,11.0,13.0,15.0,0.16,0.4197161137740802,0.04197161137740802,100,0.0,0.0,0.0,12.19,2.802217736440952,0.2802217736440952,100,10.0,12.0,14.0,0.15,0.41132945334843185,0.041132945334843185,100,0.0,0.0,0.0,12.19,2.802217736440952,0.2802217736440952,100,10.0,12.0,14.0,0.15,0.41132945334843185,0.041132945334843185,100,0.0,0.0,0.0,12.19,2.802217736440952,0.2802217736440952,100,10.0,12.0,14.0,0.15,0.41132945334843185,0.041132945334843185,100,0.0,0.0,0.0,12.78,2.769166450086168,0.2769166450086168,100,11.0,13.0,15.0,0.15,0.41132945334843185,0.041132945334843185,100,0.0,0.0,0.0,12.58,3.2072518838508213,0.3207251883850821,100,10.0,13.0,15.0,0.06,0.23868325657594158,0.02386832565759416,100,0.0,0.0,0.0,13.9,2.893741068882524,0.2893741068882524,100,12.0,14.0,16.0,0.08,0.27265992434429087,0.027265992434429086,100,0.0,0.0,0.0,13.33,2.7745415491718286,0.27745415491718284,100,11.0,13.0,15.0,0.12,0.3265986323710906,0.03265986323710906,100,0.0,0.0,0.0,13.51,2.8050999730109187,0.2805099973010919,100,11.0,13.5,15.25,0.1,0.3015113445777634,0.03015113445777634,100,0.0,0.0,0.0,14.04,3.087675075803375,0.3087675075803375,100,12.0,14.0,16.25,0.1,0.3015113445777634,0.03015113445777634,100,0.0,0.0,0.0,14.04,3.087675075803375,0.3087675075803375,100,12.0,14.0,16.25,0.1,0.3015113445777634,0.03015113445777634,100,0.0,0.0,0.0,14.04,3.087675075803375,0.3087675075803375,100,12.0,14.0,16.25,0.1,0.3015113445777634,0.03015113445777634,100,0.0,0.0,0.0,13.51,2.8050999730109187,0.2805099973010919,100,11.0,13.5,15.25,0.1,0.3015113445777634,0.03015113445777634,100,0.0,0.0,0.0
854.0,884.5,12.3,2.7615688704543704,0.27615688704543706,100,10.0,12.0,14.0,0.11,0.37321967966993574,0.03732196796699357,100,0.0,0.0,0.0,12.3,2.7615688704543704,0.27615688704543706,100,10.0,12.0,14.0,0.11,0.37321967966993574,0.03732196796699357,100,0.0,0.0,0.0,12.3,2.7615688704543704,0.27615688704543706,100,10.0,12.0,14.0,0.11,0.37321967966993574,0.03732196796699357,100,0.0,0.0,0.0,12.9,2.6949260217353386,0.2694926021735339,100,11.0,13.0,15.0,0.1,0.3623715376697391,0.03623715376697391,100,0.0,0.0,0.0,12.3,2.7615688704543704,0.27615688704543706,100,10.0,12.0,14.0,0.11,0.37321967966993574,0.03732196796699357,100,0.0,0.0,0.0,12.3,2.7615688704543704,0.27615688704543706,100,10.0,12.0,14.0,0.11,0.37321967966993574,0.03732196796699357,100,0.0,0.0,0.0,12.3,2.7615688704543704,0.27615688704543706,100,10.0,12.0,14.0,0.11,0.37321967966993574,0.03732196796699357,100,0.0,0.0,0.0,12.89,2.707621118475056,0.2707621118475056,100,11.0,13.0,15.0,0.11,0.37321967966993574,0.03732196796699357,100,0.0,0.0,0.0,12.65,3.166666666666667,0.3166666666666667,100,10.0,13.0,15.0,0.07,0.2931886695621023,0.02931886695621023,100,0.0,0.0,0.0,13.93,2.8823916836859316,0.28823916836859315,100,12.0,14.0,16.0,0.03,0.17144660799776518,0.01714466079977652,100,0.0,0.0,0.0,13.41,2.738041030895754,0.27380410308957537,100,11.0,13.0,15.0,0.08,0.27265992434429104,0.027265992434429103,100,0.0,0.0,0.0,13.59,2.774687169554234,0.2774687169554234,100,12.0,14.0,15.25,0.08,0.3074824459143231,0.03074824459143231,100,0.0,0.0,0.0,14.14,3.0418627998200862,0.30418627998200864,100,12.0,14.0,16.25,0.1,0.3892494720807613,0.038924947208076134,100,0.0,0.0,0.0,14.14,3.0418627998200862,0.30418627998200864,100,12.0,14.0,16.25,0.1,0.3892494720807613,0.038924947208076134,100,0.0,0.0,0.0,14.14,3.0418627998200862,0.30418627998200864,100,12.0,14.0,16.25,0.1,0.3892494720807613,0.038924947208076134,100,0.0,0.0,0.0,13.59,2.774687169554234,0.2774687169554234,100,12.0,14.0,15.25,0.08,0.3074824459143231,0.03074824459143231,100,0.0,0.0,0.0
884.5,915.0,12.35,2.7574508796233075,0.27574508796233077,100,10.0,12.0,14.0,0.05,0.2190429135575902,0.02190429135575902,100,0.0,0.0,0.0,12.35,2.7574508796233075,0.27574508796233077,100,10.0,12.0,14.0,0.05,0.2190429135575902,0.02190429135575902,100,0.0,0.0,0.0,12.35,2.7574508796233075,0.27574508796233077,100,10.0,12.0,14.0,0.05,0.2190429135575902,0.02190429135575902,100,0.0,0.0,0.0,12.96,2.6852383600911582,0.26852383600911583,100,11.0,13.0,15.0,0.06,0.23868325657594208,0.023868325657594208,100,0.0,0.0,0.0,12.35,2.7574508796233075,0.27574508796233077,100,10.0,12.0,14.0,0.05,0.2190429135575902,0.02190429135575902,100,0.0,0.0,0.0,12.35,2.7574508796233075,0.27574508796233077,100,10.0,12.0,14.0,0.05,0.2190429135575902,0.02190429135575902,100,0.0,0.0,0.0,12.35,2.7574508796233075,0.27574508796233077,100,10.0,12.0,14.0,0.05,0.2190429135575902,0.02190429135575902,100,0.0,0.0,0.0,12.94,2.6961251656944474,0.26961251656944474,100,11.0,13.0,15.0,0.05,0.2190429135575902,0.02190429135575902,100,0.0,0.0,0.0,12.69,3.1484965146924164,0.31484965146924165,100,11.0,13.0,15.0,0.04,0.19694638556693242,0.01969463855669324,100,0.0,0.0,0.0,13.97,2.8760768734194477,0.28760768734194475,100,12.0,14.0,16.0,0.04,0.19694638556693242,0.01969463855669324,100,0.0,0.0,0.0,13.44,2.7054751818480898,0.270547518184809,100,11.0,13.0,15.0,0.03,0.17144660799776518,0.01714466079977652,100,0.0,0.0,0.0,13.63,2.72902468980692,0.272902468980692,100,12.0,14.0,15.25,0.04,0.19694638556693242,0.01969463855669324,100,0.0,0.0,0.0,14.18,2.9995959323841865,0.29995959323841864,100,12.0,14.0,16.25,0.04,0.19694638556693242,0.01969463855669324,100,0.0,0.0,0.0,14.18,2.9995959323841865,0.29995959323841864,100,12.0,14.0,16.25,0.04,0.19694638556693242,0.01969463855669324,100,0.0,0.0,0.0,14.18,2.9995959323841865,0.29995959323841864,100,12.0,14.0,16.25,0.04,0.19694638556693242,0.01969463855669324,100,0.0,0.0,0.0,13.63,2.72902468980692,0.272902468980692,100,12.0,14.0,15.25,0.04,0.19694638556693242,0.01969463855669324,100,0.0,0.0,0.0
915.0,945.5,12.35,2.7574508796233075,0.27574508796233077,100,10.0,12.0,14.0,0.0,0.0,0.0,100,0.0,0.0,0.0,12.35,2.7574508796233075,0.27574508796233077,100,10.0,12.0,14.0,0.0,0.0,0.0,100,0.0,0.0,0.0,12.35,2.7574508796233075,0.27574508796233077,100,10.0,12.0,14.0,0.0,0.0,0.0,100,0.0,0.0,0.0,12.96,2.6852383600911582,0.26852383600911583,100,11.0,13.0,15.0,0.0,0.0,0.0,100,0.0,0.0,0.0,12.35,2.7574508796233075,0.27574508796233077,100,10.0,12.0,14.0,0.0,0.0,0.0,100,0.0,0.0,0.0,12.35,2.7574508796233075,0.27574508796233077,100,10.0,12.0,14.0,0.0,0.0,0.0,100,0.0,0.0,0.0,12.35,2.7574508796233075,0.27574508796233077,100,10.0,12.0,14.0,0.0,0.0,0.0,100,0.0,0.0,0.0,12.94,2.6961251656944474,0.26961251656944474,100,11.0,13.0,15.0,0.0,0.0,0.0,100,0.0,0.0,0.0,12.7,3.1446603773522015,0.31446603773522014,100,11.0,13.0,15.0,0.01,0.09999999999999999,0.009999999999999998,100,0.0,0.0,0.0,13.99,2.8656622623784895,0.28656622623784894,100,12.0,14.0,16.0,0.02,0.14070529413628965,0.014070529413628966,100,0.0,0.0,0.0,13.45,2.694457461178597,0.2694457461178597,100,11.0,13.0,15.0,0.01,0.09999999999999999,0.009999999999999998,100,0.0,0.0,0.0,13.65,2.7205725778804637,0.27205725778804635,100,12.0,14.0,15.25,0.02,0.14070529413628965,0.014070529413628966,100,0.0,0.0,0.0,14.2,2.9915706492568344,0.29915706492568345,100,12.0,14.0,16.25,0.02,0.14070529413628965,0.014070529413628966,100,0.0,0.0,0.0,14.2,2.9915706492568344,0.29915706492568345,100,12.0,14.0,16.25,0.02,0.14070529413628965,0.014070529413628966,100,0.0,0.0,0.0,14.2,2.9915706492568344,0.29915706492568345,100,12.0,14.0,16.25,0.02,0.14070529413628965,0.014070529413628966,100,0.0,0.0,0.0,13.65,2.7205725778804637,0.27205725778804635,100,12.0,14.0,15.25,0.02,0.14070529413628965,0.014070529413628966,100,0.0,0.0,0.0
945.5,976.0,12.35,2.7574508796233075,0.27574508796233077,100,10.0,12.0,14.0,0.0,0.0,0.0,100,0.0,0.0,0.0,12.35,2.7574508796233075,0.27574508796233077,100,10.0,12.0,14.0,0.0,0.0,0.0,100,0.0,0.0,0.0,12.35,2.7574508796233075,0.27574508796233077,100,10.0,12.0,14.0,0.0,0.0,0.0,100,0.0,0.0,0.0,12.96,2.6852383600911582,0.26852383600911583,100,11.0,13.0,15.0,0.0,0.0,0.0,100,0.0,0.0,0.0,12.35,2.7574508796233075,0.27574508796233077,100,10.0,12.0,14.0,0.0,0.0,0.0,100,0.0,0.0,0.0,12.35,2.7574508796233075,0.27574508796233077,100,10.0,12.0,14.0,0.0,0.0,0.0,100,0.0,0.0,0.0,12.35,2.7574508796233075,0.27574508796233077,100,10.0,12.0,14.0,0.0,0.0,0.0,100,0.0,0.0,0.0,12.94,2.6961251656944474,0.26961251656944474,100,11.0,13.0,15.0,0.0,0.0,0.0,100,0.0,0.0,0.0,12.7,3.1446603773522015,0.31446603773522014,100,11.0,13.0,15.0,0.0,0.0,0.0,100,0.0,0.0,0.0,13.99,2.8656622623784895,0.28656622623784894,100,12.0,14.0,16.0,0.0,0.0,0.0,100,0.0,0.0,0.0,13.45,2.694457461178597,0.2694457461178597,100,11.0,13.0,15.0,0.0,0.0,0.0,100,0.0,0.0,0.0,13.65,2.7205725778804637,0.27205725778804635,100,12.0,14.0,15.25,0.0,0.0,0.0,100,0.0,0.0,0.0,14.2,2.9915706492568344,0.29915706492568345,100,12.0,14.0,16.25,0.0,0.0,0.0,100,0.0,0.0,0.0,14.2,2.9915706492568344,0.29915706492568345,100,12.0,14.0,16.25,0.0,0.0,0.0,100,0.0,0.0,0.0,14.2,2.9915706492568344,0.29915706492568345,100,12.0,14.0,16.25,0.0,0.0,0.0,100,0.0,0.0,0.0,13.65,2.7205725778804637,0.27205725778804635,100,12.0,14.0,15.25,0.0,0.0,0.0,100,0.0,0.0,0.0
976.0,1006.5,12.36,2.7469726219710644,0.27469726219710644,100,10.0,12.0,14.0,0.01,0.09999999999999999,0.009999999999999998,100,0.0,0.0,0.0,12.36,2.7469726219710644,0.27469726219710644,100,10.0,12.0,14.0,0.01,0.09999999999999999,0.009999999999999998,100,0.0,0.0,0.0,12.36,2.7469726219710644,0.27469726219710644,100,10.0,12.0,14.0,0.01,0.09999999999999999,0.009999999999999998,100,0.0,0.0,0.0,12.97,2.672172346706898,0.2672172346706898,100,11.0,13.0,15.0,0.01,0.09999999999999999,0.009999999999999998,100,0.0,0.0,0.0,12.36,2.7469726219710644,0.27469726219710644,100,10.0,12.0,14.0,0.01,0.09999999999999999,0.009999999999999998,100,0.0,0.0,0.0,12.36,2.7469726219710644,0.27469726219710644,100,10.0,12.0,14.0,0.01,0.09999999999999999,0.009999999999999998,100,0.0,0.0,0.0,12.36,2.7469726219710644,0.27469726219710644,100,10.0,12.0,14.0,0.01,0.09999999999999999,0.009999999999999998,100,0.0,0.0,0.0,12.95,2.6831874607442083,0.26831874607442086,100,11.0,13.0,15.0,0.01,0.09999999999999999,0.009999999999999998,100,0.0,0.0,0.0,12.71,3.1407873940375928,0.3140787394037593,100,11.0,13.0,15.0,0.01,0.09999999999999999,0.009999999999999998,100,0.0,0.0,0.0,14.0,2.856854242277012,0.2856854242277012,100,12.0,14.0,16.0,0.01,0.09999999999999999,0.009999999999999998,100,0.0,0.0,0.0,13.45,2.694457461178597,0.2694457461178597,100,11.0,13.0,15.0,0.0,0.0,0.0,100,0.0,0.0,0.0,13.66,2.708833287188005,0.2708833287188005,100,12.0,14.0,15.25,0.01,0.09999999999999999,0.009999999999999998,100,0.0,0.0,0.0,14.21,2.979034485306685,0.2979034485306685,100,12.0,14.0,16.25,0.01,0.09999999999999999,0.009999999999999998,100,0.0,0.0,0.0,14.21,2.979034485306685,0.2979034485306685,100,12.0,14.0,16.25,0.01,0.09999999999999999,0.009999999999999998,100,0.0,0.0,0.0,14.21,2.979034485306685,0.2979034485306685,100,12.0,14.0,16.25,0.01,0.09999999999999999,0.009999999999999998,100,0.0,0.0,0.0,13.66,2.708833287188005,0.2708833287188005,100,12.0,14.0,15.25,0.01,0.09999999999999999,0.009999999999999998,100,0.0,0.0,0.0
1006.5,1037.0,12.36,2.7469726219710644,0.27469726219710644,100,10.0,12.0,14.0,0.0,0.0,0.0,100,0.0,0.0,0.0,12.36,2.7469726219710644,0.27469726219710644,100,10.0,12.0,14.0,0.0,0.0,0.0,100,0.0,0.0,0.0,12.36,2.7469726219710644,0.27469726219710644,100,10.0,12.0,14.0,0.0,0.0,0.0,100,0.0,0.0,0.0,12.97,2.672172346706898,0.2672172346706898,100,11.0,13.0,15.0,0.0,0.0,0.0,100,0.0,0.0,0.0,12.36,2.7469726219710644,0.27469726219710644,100,10.0,12.0,14.0,0.0,0.0,0.0,100,0.0,0.0,0.0,12.36,2.7469726219710644,0.27469726219710644,100,10.0,12.0,14.0,0.0,0.0,0.0,100,0.0,0.0,0.0,12.36,2.7469726219710644,0.27469726219710644,100,10.0,12.0,14.0,0.0,0.0,0.0,100,0.0,0.0,0.0,12.95,2.6831874607442083,0.26831874607442086,100,11.0,13.0,15.0,0.0,0.0,0.0,100,0.0,0.0,0.0,12.71,3.1407873940375928,0.3140787394037593,100,11.0,13.0,15.0,0.0,0.0,0.0,100,0.0,0.0,0.0,14.0,2.856854242277012,0.2856854242277012,100,12.0,14.0,16.0,0.0,0.0,0.0,100,0.0,0.0,0.0,13.45,2.694457461178597,0.2694457461178597,100,11.0,13.0,15.0,0.0,0.0,0.0,100,0.0,0.0,0.0,13.66,2.708833287188005,0.2708833287188005,100,12.0,14.0,15.25,0.0,0.0,0.0,100,0.0,0.0,0.0,14.21,2.979034485306685,0.2979034485306685,100,12.0,14.0,16.25,0.0,0.0,0.0,100,0.0,0.0,0.0,14.21,2.979034485306685,0.2979034485306685,100,12.0,14.0,16.25,0.0,0.0,0.0,100,0.0,0.0,0.0,14.21,2.979034485306685,0.2979034485306685,100,12.0,14.0,16.25,0.0,0.0,0.0,100,0.0,0.0,0.0,13.66,2.708833287188005,0.2708833287188005,100,12.0,14.0,15.25,0.0,0.0,0.0,100,0.0,0.0,0.0
1037.0,1067.5,12.36,2.7469726219710644,0.27469726219710644,100,10.0,12.0,14.0,0.0,0.0,0.0,100,0.0,0.0,0.0,12.36,2.7469726219710644,0.27469726219710644,100,10.0,12.0,14.0,0.0,0.0,0.0,100,0.0,0.0,0.0,12.36,2.7469726219710644,0.27469726219710644,100,10.0,12.0,14.0,0.0,0.0,0.0,100,0.0,0.0,0.0,12.97,2.672172346706898,0.2672172346706898,100,11.0,13.0,15.0,0.0,0.0,0.0,100,0.0,0.0,0.0,12.36,2.7469726219710644,0.27469726219710644,100,10.0,12.0,14.0,0.0,0.0,0.0,100,0.0,0.0,0.0,12.36,2.7469726219710644,0.27469726219710644,100,10.0,12.0,14.0,0.0,0.0,0.0,100,0.0,0.0,0.0,12.36,2.7469726219710644,0.27469726219710644,100,10.0,12.0,14.0,0.0,0.0,0.0,100,0.0,0.0,0.0,12.95,2.6831874607442083,0.26831874607442086,100,11.0,13.0,15.0,0.0,0.0,0.0,100,0.0,0.0,0.0,12.71,3.1407873940375928,0.3140787394037593,100,11.0,13.0,15.0,0.0,0.0,0.0,100,0.0,0.0,0.0,14.0,2.856854242277012,0.2856854242277012,100,12.0,14.0,16.0,0.0,0.0,0.0,100,0.0,0.0,0.0,13.45,2.694457461178597,0.2694457461178597,100,11.0,13.0,15.0,0.0,0.0,0.0,100,0.0,0.0,0.0,13.66,2.708833287188005,0.2708833287188005,100,12.0,14.0,15.25,0.0,0.0,0.0,100,0.0,0.0,0.0,14.21,2.979034485306685,0.2979034485306685,100,12.0,14.0,16.25,0.0,0.0,0.0,100,0.0,0.0,0.0,14.21,2.979034485306685,0.2979034485306685,100,12.0,14.0,16.25,0.0,0.0,0.0,100,0.0,0.0,0.0,14.21,2.979034485306685,0.2979034485306685,100,12.0,14.0,16.25,0.0,0.0,0.0,100,0.0,0.0,0.0,13.66,2.708833287188005,0.2708833287188005,100,12.0,14.0,15.25,0.0,0.0,0.0,100,0.0,0.0,0.0
1067.5,1098.0,12.36,2.7469726219710644,0.27469726219710644,100,10.0,12.0,14.0,0.0,0.0,0.0,100,0.0,0.0,0.0,12.36,2.7469726219710644,0.27469726219710644,100,10.0,12.0,14.0,0.0,0.0,0.0,100,0.0,0.0,0.0,12.36,2.7469726219710644,0.27469726219710644,100,10.0,12.0,14.0,0.0,0.0,0.0,100,0.0,0.0,0.0,12.97,2.672172346706898,0.2672172346706898,100,11.0,13.0,15.0,0.0,0.0,0.0,100,0.0,0.0,0.0,12.36,2.7469726219710644,0.27469726219710644,100,10.0,12.0,14.0,0.0,0.0,0.0,100,0.0,0.0,0.0,12.36,2.7469726219710644,0.27469726219710644,100,10.0,12.0,14.0,0.0,0.0,0.0,100,0.0,0.0,0.0,12.36,2.7469726219710644,0.27469726219710644,100,10.0,12.0,14.0,0.0,0.0,0.0,100,0.0,0.0,0.0,12.95,2.6831874607442083,0.26831874607442086,100,11.0,13.0,15.0,0.0,0.0,0.0,100,0.0,0.0,0.0,12.71,3.1407873940375928,0.3140787394037593,100,11.0,13.0,15.0,0.0,0.0,0.0,100,0.0,0.0,0.0,14.0,2.856854242277012,0.2856854242277012,100,12.0,14.0,16.0,0.0,0.0,0.0,100,0.0,0.0,0.0,13.45,2.694457461178597,0.2694457461178597,100,11.0,13.0,15.0,0.0,0.0,0.0,100,0.0,0.0,0.0,13.66,2.708833287188005,0.2708833287188005,100,12.0,14.0,15.25,0.0,0.0,0.0,100,0.0,0.0,0.0,14.21,2.979034485306685,0.2979034485306685,100,12.0,14.0,16.25,0.0,0.0,0.0,100,0.0,0.0,0.0,14.21,2.979034485306685,0.2979034485306685,100,12.0,14.0,16.25,0.0,0.0,0.0,100,0.0,0.0,0.0,14.21,2.979034485306685,0.2979034485306685,100,12.0,14.0,16.25,0.0,0.0,0.0,100,0.0,0.0,0.0,13.66,2.708833287188005,0.2708833287188005,100,12.0,14.0,15.25,0.0,0.0,0.0,100,0.0,0.0,0.0
1098.0,1128.5,12.36,2.7469726219710644,0.27469726219710644,100,10.0,12.0,14.0,0.0,0.0,0.0,100,0.0,0.0,0.0,12.36,2.7469726219710644,0.27469726219710644,100,10.0,12.0,14.0,0.0,0.0,0.0,100,0.0,0.0,0.0,12.36,2.7469726219710644,0.27469726219710644,100,10.0,12.0,14.0,0.0,0.0,0.0,100,0.0,0.0,0.0,12.97,2.672172346706898,0.2672172346706898,100,11.0,13.0,15.0,0.0,0.0,0.0,100,0.0,0.0,0.0,12.36,2.7469726219710644,0.27469726219710644,100,10.0,12.0,14.0,0.0,0.0,0.0,100,0.0,0.0,0.0,12.36,2.7469726219710644,0.27469726219710644,100,10.0,12.0,14.0,0.0,0.0,0.0,100,0.0,0.0,0.0,12.36,2.7469726219710644,0.27469726219710644,100,10.0,12.0,14.0,0.0,0.0,0.0,100,0.0,0.0,0.0,12.95,2.6831874607442083,0.26831874607442086,100,11.0,13.0,15.0,0.0,0.0,0.0,100,0.0,0.0,0.0,12.71,3.1407873940375928,0.3140787394037593,100,11.0,13.0,15.0,0.0,0.0,0.0,100,0.0,0.0,0.0,14.0,2.856854242277012,0.2856854242277012,100,12.0,14.0,16.0,0.0,0.0,0.0,100,0.0,0.0,0.0,13.45,2.694457461178597,0.2694457461178597,100,11.0,13.0,15.0,0.0,0.0,0.0,100,0.0,0.0,0.0,13.66,2.708833287188005,0.2708833287188005,100,12.0,14.0,15.25,0.0,0.0,0.0,100,0.0,0.0,0.0,14.21,2.979034485306685,0.2979034485306685,100,12.0,14.0,16.25,0.0,0.0,0.0,100,0.0,0.0,0.0,14.21,2.979034485306685,0.2979034485306685,100,12.0,14.0,16.25,0.0,0.0,0.0,100,0.0,0.0,0.0,14.21,2.979034485306685,0.2979034485306685,100,12.0,14.0,16.25,0.0,0.0,0.0,100,0.0,0.0,0.0,13.66,2.708833287188005,0.2708833287188005,100,12.0,14.0,15.25,0.0,0.0,0.0,100,0.0,0.0,0.0
1128.5,1159.0,12.36,2.7469726219710644,0.27469726219710644,100,10.0,12.0,14.0,0.0,0.0,0.0,100,0.0,0.0,0.0,12.36,2.7469726219710644,0.27469726219710644,100,10.0,12.0,14.0,0.0,0.0,0.0,100,0.0,0.0,0.0,12.36,2.7469726219710644,0.27469726219710644,100,10.0,12.0,14.0,0.0,0.0,0.0,100,0.0,0.0,0.0,12.97,2.672172346706898,0.2672172346706898,100,11.0,13.0,15.0,0.0,0.0,0.0,100,0.0,0.0,0.0,12.36,2.7469726219710644,0.27469726219710644,100,10.0,12.0,14.0,0.0,0.0,0.0,100,0.0,0.0,0.0,12.36,2.7469726219710644,0.27469726219710644,100,10.0,12.0,14.0,0.0,0.0,0.0,100,0.0,0.0,0.0,12.36,2.7469726219710644,0.27469726219710644,100,10.0,12.0,14.0,0.0,0.0,0.0,100,0.0,0.0,0.0,12.95,2.6831874607442083,0.26831874607442086,100,11.0,13.0,15.0,0.0,0.0,0.0,100,0.0,0.0,0.0,12.71,3.1407873940375928,0.3140787394037593,100,11.0,13.0,15.0,0.0,0.0,0.0,100,0.0,0.0,0.0,14.0,2.856854242277012,0.2856854242277012,100,12.0,14.0,16.0,0.0,0.0,0.0,100,0.0,0.0,0.0,13.45,2.694457461178597,0.2694457461178597,100,11.0,13.0,15.0,0.0,0.0,0.0,100,0.0,0.0,0.0,13.66,2.708833287188005,0.2708833287188005,100,12.0,14.0,15.25,0.0,0.0,0.0,100,0.0,0.0,0.0,14.21,2.979034485306685,0.2979034485306685,100,12.0,14.0,16.25,0.0,0.0,0.0,100,0.0,0.0,0.0,14.21,2.979034485306685,0.2979034485306685,100,12.0,14.0,16.25,0.0,0.0,0.0,100,0.0,0.0,0.0,14.21,2.979034485306685,0.2979034485306685,100,12.0,14.0,16.25,0.0,0.0,0.0,100,0.0,0.0,0.0,13.66,2.708833287188005,0.2708833287188005,100,12.0,14.0,15.25,0.0,0.0,0.0,100,0.0,0.0,0.0
1159.0,1189.5,12.36,2.7469726219710644,0.27469726219710644,100,10.0,12.0,14.0,0.0,0.0,0.0,100,0.0,0.0,0.0,12.36,2.7469726219710644,0.27469726219710644,100,10.0,12.0,14.0,0.0,0.0,0.0,100,0.0,0.0,0.0,12.36,2.7469726219710644,0.27469726219710644,100,10.0,12.0,14.0,0.0,0.0,0.0,100,0.0,0.0,0.0,12.97,2.672172346706898,0.2672172346706898,100,11.0,13.0,15.0,0.0,0.0,0.0,100,0.0,0.0,0.0,12.36,2.7469726219710644,0.27469726219710644,100,10.0,12.0,14.0,0.0,0.0,0.0,100,0.0,0.0,0.0,12.36,2.7469726219710644,0.27469726219710644,100,10.0,12.0,14.0,0.0,0.0,0.0,100,0.0,0.0,0.0,12.36,2.7469726219710644,0.27469726219710644,100,10.0,12.0,14.0,0.0,0.0,0.0,100,0.0,0.0,0.0,12.95,2.6831874607442083,0.26831874607442086,100,11.0,13.0,15.0,0.0,0.0,0.0,100,0.0,0.0,0.0,12.71,3.1407873940375928,0.3140787394037593,100,11.0,13.0,15.0,0.0,0.0,0.0,100,0.0,0.0,0.0,14.0,2.856854242277012,0.2856854242277012,100,12.0,14.0,16.0,0.0,0.0,0.0,100,0.0,0.0,0.0,13.45,2.694457461178597,0.2694457461178597,100,11.0,13.0,15.0,0.0,0.0,0.0,100,0.0,0.0,0.0,13.66,2.708833287188005,0.2708833287188005,100,12.0,14.0,15.25,0.0,0.0,0.0,100,0.0,0.0,0.0,14.21,2.979034485306685,0.2979034485306685,100,12.0,14.0,16.25,0.0,0.0,0.0,100,0.0,0.0,0.0,14.21,2.979034485306685,0.2979034485306685,100,12.0,14.0,16.25,0.0,0.0,0.0,100,0.0,0.0,0.0,14.21,2.979034485306685,0.2979034485306685,100,12.0,14.0,16.25,0.0,0.0,0.0,100,0.0,0.0,0.0,13.66,2.708833287188005,0.2708833287188005,100,12.0,14.0,15.25,0.0,0.0,0.0,100,0.0,0.0,0.0
1189.5,1220.0,12.36,2.7469726219710644,0.27469726219710644,100,10.0,12.0,14.0,0.0,0.0,0.0,100,0.0,0.0,0.0,12.36,2.7469726219710644,0.27469726219710644,100,10.0,12.0,14.0,0.0,0.0,0.0,100,0.0,0.0,0.0,12.36,2.7469726219710644,0.27469726219710644,100,10.0,12.0,14.0,0.0,0.0,0.0,100,0.0,0.0,0.0,12.97,2.672172346706898,0.2672172346706898,100,11.0,13.0,15.0,0.0,0.0,0.0,100,0.0,0.0,0.0,12.36,2.7469726219710644,0.27469726219710644,100,10.0,12.0,14.0,0.0,0.0,0.0,100,0.0,0.0,0.0,12.36,2.7469726219710644,0.27469726219710644,100,10.0,12.0,14.0,0.0,0.0,0.0,100,0.0,0.0,0.0,12.36,2.7469726219710644,0.27469726219710644,100,10.0,12.0,14.0,0.0,0.0,0.0,100,0.0,0.0,0.0,12.95,2.6831874607442083,0.26831874607442086,100,11.0,13.0,15.0,0.0,0.0,0.0,100,0.0,0.0,0.0,12.71,3.1407873940375928,0.3140787394037593,100,11.0,13.0,15.0,0.0,0.0,0.0,100,0.0,0.0,0.0,14.0,2.856854242277012,0.2856854242277012,100,12.0,14.0,16.0,0.0,0.0,0.0,100,0.0,0.0,0.0,13.45,2.694457461178597,0.2694457461178597,100,11.0,13.0,15.0,0.0,0.0,0.0,100,0.0,0.0,0.0,13.66,2.708833287188005,0.2708833287188005,100,12.0,14.0,15.25,0.0,0.0,0.0,100,0.0,0.0,0.0,14.21,2.979034485306685,0.2979034485306685,100,12.0,14.0,16.25,0.0,0.0,0.0,100,0.0,0.0,0.0,14.21,2.979034485306685,0.2979034485306685,100,12.0,14.0,16.25,0.0,0.0,0.0,100,0.0,0.0,0.0,14.21,2.979034485306685,0.2979034485306685,100,12.0,14.0,16.25,0.0,0.0,0.0,100,0.0,0.0,0.0,13.66,2.708833287188005,0.2708833287188005,100,12.0,14.0,15.25,0.0,0.0,0.0,100,0.0,0.0,0.0
1220.0,1250.5,12.36,2.7469726219710644,0.27469726219710644,100,10.0,12.0,14.0,0.0,0.0,0.0,100,0.0,0.0,0.0,12.36,2.7469726219710644,0.27469726219710644,100,10.0,12.0,14.0,0.0,0.0,0.0,100,0.0,0.0,0.0,12.36,2.7469726219710644,0.27469726219710644,100,10.0,12.0,14.0,0.0,0.0,0.0,100,0.0,0.0,0.0,12.97,2.672172346706898,0.2672172346706898,100,11.0,13.0,15.0,0.0,0.0,0.0,100,0.0,0.0,0.0,12.36,2.7469726219710644,0.27469726219710644,100,10.0,12.0,14.0,0.0,0.0,0.0,100,0.0,0.0,0.0,12.36,2.7469726219710644,0.27469726219710644,100,10.0,12.0,14.0,0.0,0.0,0.0,100,0.0,0.0,0.0,12.36,2.7469726219710644,0.27469726219710644,100,10.0,12.0,14.0,0.0,0.0,0.0,100,0.0,0.0,0.0,12.95,2.6831874607442083,0.26831874607442086,100,11.0,13.0,15.0,0.0,0.0,0.0,100,0.0,0.0,0.0,12.71,3.1407873940375928,0.3140787394037593,100,11.0,13.0,15.0,0.0,0.0,0.0,100,0.0,0.0,0.0,14.0,2.856854242277012,0.2856854242277012,100,12.0,14.0,16.0,0.0,0.0,0.0,100,0.0,0.0,0.0,13.45,2.694457461178597,0.2694457461178597,100,11.0,13.0,15.0,0.0,0.0,0.0,100,0.0,0.0,0.0,13.66,2.708833287188005,0.2708833287188005,100,12.0,14.0,15.25,0.0,0.0,0.0,100,0.0,0.0,0.0,14.21,2.979034485306685,0.2979034485306685,100,12.0,14.0,16.25,0.0,0.0,0.0,100,0.0,0.0,0.0,14.21,2.979034485306685,0.2979034485306685,100,12.0,14.0,16.25,0.0,0.0,0.0,100,0.0,0.0,0.0,14.21,2.979034485306685,0.2979034485306685,100,12.0,14.0,16.25,0.0,0.0,0.0,100,0.0,0.0,0.0,13.66,2.708833287188005,0.2708833287188005,100,12.0,14.0,15.25,0.0,0.0,0.0,100,0.0,0.0,0.0
1250.5,1281.0,12.36,2.7469726219710644,0.27469726219710644,100,10.0,12.0,14.0,0.0,0.0,0.0,100,0.0,0.0,0.0,12.36,2.7469726219710644,0.27469726219710644,100,10.0,12.0,14.0,0.0,0.0,0.0,100,0.0,0.0,0.0,12.36,2.7469726219710644,0.27469726219710644,100,10.0,12.0,14.0,0.0,0.0,0.0,100,0.0,0.0,0.0,12.97,2.672172346706898,0.2672172346706898,100,11.0,13.0,15.0,0.0,0.0,0.0,100,0.0,0.0,0.0,12.36,2.7469726219710644,0.27469726219710644,100,10.0,12.0,14.0,0.0,0.0,0.0,100,0.0,0.0,0.0,12.36,2.7469726219710644,0.27469726219710644,100,10.0,12.0,14.0,0.0,0.0,0.0,100,0.0,0.0,0.0,12.36,2.7469726219710644,0.27469726219710644,100,10.0,12.0,14.0,0.0,0.0,0.0,100,0.0,0.0,0.0,12.95,2.6831874607442083,0.26831874607442086,100,11.0,13.0,15.0,0.0,0.0,0.0,100,0.0,0.0,0.0,12.71,3.1407873940375928,0.3140787394037593,100,11.0,13.0,15.0,0.0,0.0,0.0,100,0.0,0.0,0.0,14.0,2.856854242277012,0.2856854242277012,100,12.0,14.0,16.0,0.0,0.0,0.0,100,0.0,0.0,0.0,13.45,2.694457461178597,0.2694457461178597,100,11.0,13.0,15.0,0.0,0.0,0.0,100,0.0,0.0,0.0,13.66,2.708833287188005,0.2708833287188005,100,12.0,14.0,15.25,0.0,0.0,0.0,100,0.0,0.0,0.0,14.21,2.979034485306685,0.2979034485306685,100,12.0,14.0,16.25,0.0,0.0,0.0,100,0.0,0.0,0.0,14.21,2.979034485306685,0.2979034485306685,100,12.0,14.0,16.25,0.0,0.0,0.0,100,0.0,0.0,0.0,14.21,2.979034485306685,0.2979034485306685,100,12.0,14.0,16.25,0.0,0.0,0.0,100,0.0,0.0,0.0,13.66,2.708833287188005,0.2708833287188005,100,12.0,14.0,15.25,0.0,0.0,0.0,100,0.0,0.0,0.0
1281.0,1311.5,12.36,2.7469726219710644,0.27469726219710644,100,10.0,12.0,14.0,0.0,0.0,0.0,100,0.0,0.0,0.0,12.36,2.7469726219710644,0.27469726219710644,100,10.0,12.0,14.0,0.0,0.0,0.0,100,0.0,0.0,0.0,12.36,2.7469726219710644,0.27469726219710644,100,10.0,12.0,14.0,0.0,0.0,0.0,100,0.0,0.0,0.0,12.97,2.672172346706898,0.2672172346706898,100,11.0,13.0,15.0,0.0,0.0,0.0,100,0.0,0.0,0.0,12.36,2.7469726219710644,0.27469726219710644,100,10.0,12.0,14.0,0.0,0.0,0.0,100,0.0,0.0,0.0,12.36,2.7469726219710644,0.27469726219710644,100,10.0,12.0,14.0,0.0,0.0,0.0,100,0.0,0.0,0.0,12.36,2.7469726219710644,0.27469726219710644,100,10.0,12.0,14.0,0.0,0.0,0.0,100,0.0,0.0,0.0,12.95,2.6831874607442083,0.26831874607442086,100,11.0,13.0,15.0,0.0,0.0,0.0,100,0.0,0.0,0.0,12.71,3.1407873940375928,0.3140787394037593,100,11.0,13.0,15.0,0.0,0.0,0.0,100,0.0,0.0,0.0,14.0,2.856854242277012,0.2856854242277012,100,12.0,14.0,16.0,0.0,0.0,0.0,100,0.0,0.0,0.0,13.45,2.694457461178597,0.2694457461178597,100,11.0,13.0,15.0,0.0,0.0,0.0,100,0.0,0.0,0.0,13.66,2.708833287188005,0.2708833287188005,100,12.0,14.0,15.25,0.0,0.0,0.0,100,0.0,0.0,0.0,14.21,2.979034485306685,0.2979034485306685,100,12.0,14.0,16.25,0.0,0.0,0.0,100,0.0,0.0,0.0,14.21,2.979034485306685,0.2979034485306685,100,12.0,14.0,16.25,0.0,0.0,0.0,100,0.0,0.0,0.0,14.21,2.979034485306685,0.2979034485306685,100,12.0,14.0,16.25,0.0,0.0,0.0,100,0.0,0.0,0.0,13.66,2.708833287188005,0.2708833287188005,100,12.0,14.0,15.25,0.0,0.0,0.0,100,0.0,0.0,0.0
1311.5,1342.0,12.36,2.7469726219710644,0.27469726219710644,100,10.0,12.0,14.0,0.0,0.0,0.0,100,0.0,0.0,0.0,12.36,2.7469726219710644,0.27469726219710644,100,10.0,12.0,14.0,0.0,0.0,0.0,100,0.0,0.0,0.0,12.36,2.7469726219710644,0.27469726219710644,100,10.0,12.0,14.0,0.0,0.0,0.0,100,0.0,0.0,0.0,12.97,2.672172346706898,0.2672172346706898,100,11.0,13.0,15.0,0.0,0.0,0.0,100,0.0,0.0,0.0,12.36,2.7469726219710644,0.27469726219710644,100,10.0,12.0,14.0,0.0,0.0,0.0,100,0.0,0.0,0.0,12.36,2.7469726219710644,0.27469726219710644,100,10.0,12.0,14.0,0.0,0.0,0.0,100,0.0,0.0,0.0,12.36,2.7469726219710644,0.27469726219710644,100,10.0,12.0,14.0,0.0,0.0,0.0,100,0.0,0.0,0.0,12.95,2.6831874607442083,0.26831874607442086,100,11.0,13.0,15.0,0.0,0.0,0.0,100,0.0,0.0,0.0,12.71,3.1407873940375928,0.3140787394037593,100,11.0,13.0,15.0,0.0,0.0,0.0,100,0.0,0.0,0.0,14.0,2.856854242277012,0.2856854242277012,100,12.0,14.0,16.0,0.0,0.0,0.0,100,0.0,0.0,0.0,13.45,2.694457461178597,0.2694457461178597,100,11.0,13.0,15.0,0.0,0.0,0.0,100,0.0,0.0,0.0,13.66,2.708833287188005,0.2708833287188005,100,12.0,14.0,15.25,0.0,0.0,0.0,100,0.0,0.0,0.0,14.21,2.979034485306685,0.2979034485306685,100,12.0,14.0,16.25,0.0,0.0,0.0,100,0.0,0.0,0.0,14.21,2.979034485306685,0.2979034485306685,100,12.0,14.0,16.25,0.0,0.0,0.0,100,0.0,0.0,0.0,14.21,2.979034485306685,0.2979034485306685,100,12.0,14.0,16.25,0.0,0.0,0.0,100,0.0,0.0,0.0,13.66,2.708833287188005,0.2708833287188005,100,12.0,14.0,15.25,0.0,0.0,0.0,100,0.0,0.0,0.0
1342.0,1372.5,12.36,2.7469726219710644,0.27469726219710644,100,10.0,12.0,14.0,0.0,0.0,0.0,100,0.0,0.0,0.0,12.36,2.7469726219710644,0.27469726219710644,100,10.0,12.0,14.0,0.0,0.0,0.0,100,0.0,0.0,0.0,12.36,2.7469726219710644,0.27469726219710644,100,10.0,12.0,14.0,0.0,0.0,0.0,100,0.0,0.0,0.0,12.97,2.672172346706898,0.2672172346706898,100,11.0,13.0,15.0,0.0,0.0,0.0,100,0.0,0.0,0.0,12.36,2.7469726219710644,0.27469726219710644,100,10.0,12.0,14.0,0.0,0.0,0.0,100,0.0,0.0,0.0,12.36,2.7469726219710644,0.27469726219710644,100,10.0,12.0,14.0,0.0,0.0,0.0,100,0.0,0.0,0.0,12.36,2.7469726219710644,0.27469726219710644,100,10.0,12.0,14.0,0.0,0.0,0.0,100,0.0,0.0,0.0,12.95,2.6831874607442083,0.26831874607442086,100,11.0,13.0,15.0,0.0,0.0,0.0,100,0.0,0.0,0.0,12.71,3.1407873940375928,0.3140787394037593,100,11.0,13.0,15.0,0.0,0.0,0.0,100,0.0,0.0,0.0,14.0,2.856854242277012,0.2856854242277012,100,12.0,14.0,16.0,0.0,0.0,0.0,100,0.0,0.0,0.0,13.45,2.694457461178597,0.2694457461178597,100,11.0,13.0,15.0,0.0,0.0,0.0,100,0.0,0.0,0.0,13.66,2.708833287188005,0.2708833287188005,100,12.0,14.0,15.25,0.0,0.0,0.0,100,0.0,0.0,0.0,14.21,2.979034485306685,0.2979034485306685,100,12.0,14.0,16.25,0.0,0.0,0.0,100,0.0,0.0,0.0,14.21,2.979034485306685,0.2979034485306685,100,12.0,14.0,16.25,0.0,0.0,0.0,100,0.0,0.0,0.0,14.21,2.979034485306685,0.2979034485306685,100,12.0,14.0,16.25,0.0,0.0,0.0,100,0.0,0.0,0.0,13.66,2.708833287188005,0.2708833287188005,100,12.0,14.0,15.25,0.0,0.0,0.0,100,0.0,0.0,0.0
1372.5,1403.0,12.36,2.7469726219710644,0.27469726219710644,100,10.0,12.0,14.0,0.0,0.0,0.0,100,0.0,0.0,0.0,12.36,2.7469726219710644,0.27469726219710644,100,10.0,12.0,14.0,0.0,0.0,0.0,100,0.0,0.0,0.0,12.36,2.7469726219710644,0.27469726219710644,100,10.0,12.0,14.0,0.0,0.0,0.0,100,0.0,0.0,0.0,12.97,2.672172346706898,0.2672172346706898,100,11.0,13.0,15.0,0.0,0.0,0.0,100,0.0,0.0,0.0,12.36,2.7469726219710644,0.27469726219710644,100,10.0,12.0,14.0,0.0,0.0,0.0,100,0.0,0.0,0.0,12.36,2.7469726219710644,0.27469726219710644,100,10.0,12.0,14.0,0.0,0.0,0.0,100,0.0,0.0,0.0,12.36,2.7469726219710644,0.27469726219710644,100,10.0,12.0,14.0,0.0,0.0,0.0,100,0.0,0.0,0.0,12.95,2.6831874607442083,0.26831874607442086,100,11.0,13.0,15.0,0.0,0.0,0.0,100,0.0,0.0,0.0,12.71,3.1407873940375928,0.3140787394037593,100,11.0,13.0,15.0,0.0,0.0,0.0,100,0.0,0.0,0.0,14.0,2.856854242277012,0.2856854242277012,100,12.0,14.0,16.0,0.0,0.0,0.0,100,0.0,0.0,0.0,13.45,2.694457461178597,0.2694457461178597,100,11.0,13.0,15.0,0.0,0.0,0.0,100,0.0,0.0,0.0,13.66,2.708833287188005,0.2708833287188005,100,12.0,14.0,15.25,0.0,0.0,0.0,100,0.0,0.0,0.0,14.21,2.979034485306685,0.2979034485306685,100,12.0,14.0,16.25,0.0,0.0,0.0,100,0.0,0.0,0.0,14.21,2.979034485306685,0.2979034485306685,100,12.0,14.0,16.25,0.0,0.0,0.0,100,0.0,0.0,0.0,14.21,2.979034485306685,0.2979034485306685,100,12.0,14.0,16.25,0.0,0.0,0.0,100,0.0,0.0,0.0,13.66,2.708833287188005,0.2708833287188005,100,12.0,14.0,15.25,0.0,0.0,0.0,100,0.0,0.0,0.0
1403.0,1433.5,12.36,2.7469726219710644,0.27469726219710644,100,10.0,12.0,14.0,0.0,0.0,0.0,100,0.0,0.0,0.0,12.36,2.7469726219710644,0.27469726219710644,100,10.0,12.0,14.0,0.0,0.0,0.0,100,0.0,0.0,0.0,12.36,2.7469726219710644,0.27469726219710644,100,10.0,12.0,14.0,0.0,0.0,0.0,100,0.0,0.0,0.0,12.97,2.672172346706898,0.2672172346706898,100,11.0,13.0,15.0,0.0,0.0,0.0,100,0.0,0.0,0.0,12.36,2.7469726219710644,0.27469726219710644,100,10.0,12.0,14.0,0.0,0.0,0.0,100,0.0,0.0,0.0,12.36,2.7469726219710644,0.27469726219710644,100,10.0,12.0,14.0,0.0,0.0,0.0,100,0.0,0.0,0.0,12.36,2.7469726219710644,0.27469726219710644,100,10.0,12.0,14.0,0.0,0.0,0.0,100,0.0,0.0,0.0,12.95,2.6831874607442083,0.26831874607442086,100,11.0,13.0,15.0,0.0,0.0,0.0,100,0.0,0.0,0.0,12.71,3.1407873940375928,0.3140787394037593,100,11.0,13.0,15.0,0.0,0.0,0.0,100,0.0,0.0,0.0,14.0,2.856854242277012,0.2856854242277012,100,12.0,14.0,16.0,0.0,0.0,0.0,100,0.0,0.0,0.0,13.45,2.694457461178597,0.2694457461178597,100,11.0,13.0,15.0,0.0,0.0,0.0,100,0.0,0.0,0.0,13.66,2.708833287188005,0.2708833287188005,100,12.0,14.0,15.25,0.0,0.0,0.0,100,0.0,0.0,0.0,14.21,2.979034485306685,0.2979034485306685,100,12.0,14.0,16.25,0.0,0.0,0.0,100,0.0,0.0,0.0,14.21,2.979034485306685,0.2979034485306685,100,12.0,14.0,16.25,0.0,0.0,0.0,100,0.0,0.0,0.0,14.21,2.979034485306685,0.2979034485306685,100,12.0,14.0,16.25,0.0,0.0,0.0,100,0.0,0.0,0.0,13.66,2.708833287188005,0.2708833287188005,100,12.0,14.0,15.25,0.0,0.0,0.0,100,0.0,0.0,0.0
