{
  "missionLife": 5.0,
  "missionStart": 64681,
  "missionPortion": 0.4,
  "GAPortion_SS": 0.0,
  "GA_simult_det_fraction": 0.0,
  "int_inflection": false,
  "minComp": 0.15,
  "pupilDiam": 7.225765,
  "obscurFac": 0.17480111893051087,
  "magEZ": 22,
  "commonSystemfEZ": true,
  "intCutoff": 60.0,
  "texp_flag": true,
  "scaleWAdMag": true,
  "intcutoff_dMag": 26.5,
  "int_dMag": 25.5,
  "int_WA": 0.2,
  "charMargin": 0.15,
  "nVisitsMax": 12,
  "occ_max_visits": 1,
  "revisit_wait": 0.335,
  "phase1_end": 16,
  "revisit_weight": 10,
  "n_det_remove": 2,
  "n_det_min": 3,
  "max_successful_chars": 1,
  "max_successful_dets": 4,
  "_(tieredscheduler)nmax_promo_det": 3,
  "lum_exp": 1.0,
  "popStars": [
    "HIP 16537",
    "HIP 10529",
    "HIP 27604",
    "HIP 33404",
    "HIP 63721",
    "HIP 111715",
    "HIP 1068 A",
    "HIP 7765",
    "HIP 28936",
    "HIP 41824",
    "HIP 55955",
    "HIP 70475",
    "HIP 73903",
    "HIP 77514",
    "HIP 105679",
    "HIP 117059",
    "HIP 58910",
    "HIP 62951",
    "HIP 65269",
    "HIP 34069",
    "HIP 39903",
    " HIP 47839",
    "HIP 16582",
    "HIP 67655",
    "HIP 114703",
    "HIP 47836",
    "HIP 83276",
    "HIP 85605",
    "HIP 67593",
    "HIP 76603",
    "HIP 36160",
    "HIP 10679"
  ],
  "coeffs": [
    0.2,
    0,
    0.5,
    0,
    0.3,
    0.02,
    0.05
  ],
  "settlingTime": 0.0,
  "thrust": 600,
  "slewIsp": 2900,
  "scMass": 4500,
  "dryMass": 2500,
  "coMass": 5800,
  "occulterSep": 55500,
  "skIsp": 310,
  "defburnPortion": 0.85,
  "allowRefueling": true,
  "external_fuel_mass": 20000,
  "ppFact": 0.033333,
  "ppFact_char": 0.033333,
  "stabilityFact": 1,
  "ezFact": 0.0,
  "erange": [
    0,
    0
  ],
  "arange": [
    0.09,
    12.4
  ],
  "Rprange": [
    0.5,
    11.6
  ],
  "eta": 0.243731,
  "scaleOrbits": true,
  "constrainOrbits": true,
  "keepStarCatalog": true,
  "fillPhotometry": true,
  "explainFiltering": true,
  "filterBinaries": false,
  "promote_hz_stars": true,
  "earths_only": false,
  "filter_for_char": true,
  "use_char_minintime": true,
  "lucky_planets": true,
  "find_known_RV": false,
  "scienceInstruments": [
    {
      "name": "imagingBlueEMCCD",
      "QE": 0.9,
      "optics": 0.56,
      "pixelScale": 0.00703067,
      "pixelSize": 1.3e-05,
      "sread": 0,
      "idark": 0.0,
      "CIC": 0.0,
      "texp": 100,
      "ENF": 1,
      "PCeff": 0.75
    },
    {
      "name": "imagingRedEMCCD",
      "QE": 0.9,
      "optics": 0.28,
      "pixelScale": 0.0145,
      "pixelScale_comment": "at 650 nm",
      "pixelSize": 1.3e-05,
      "sread": 0,
      "idark": 3e-05,
      "CIC": 0.0013,
      "texp": 100,
      "PCeff": 0.75,
      "ENF": 1
    },
    {
      "name": "imaging_EAC1_BroadbandVisible_500",
      "QE": 0.9,
      "optics": 0.362,
      "pixelScale": 0.00462,
      "pixelSize": 6.5e-06,
      "sread": 0.0,
      "idark": 0.0,
      "CIC": 0.0,
      "texp": 1000,
      "PCeff": 0.75,
      "ENF": 1
    },
    {
      "name": "spectro910_R140_EMCCD",
      "QE": 0.9,
      "optics": 0.32,
      "pixelScale": 0.00405916,
      "pixelSize": 1.2e-05,
      "lenslSamp": 2,
      "sread": 0,
      "idark": 0.0,
      "CIC": 0.0,
      "texp": 300,
      "ENF": 1,
      "Rs": 140,
      "PCeff": 0.75
    },
    {
      "name": "spectro1600_R40_EMCCD",
      "QE": 0.9,
      "optics": 0.5,
      "pixelScale": 0.0491,
      "pixelSize": 1.5e-05,
      "lenslSamp": 2,
      "sread": 0,
      "idark": 0.0,
      "CIC": 0,
      "texp": 300,
      "ENF": 1,
      "Rs": 40,
      "PCeff": 0.75
    },
    {
      "name": "spectro_NUV_EMCCD",
      "QE": 0.55,
      "optics": 0.145,
      "optics_comment1": "",
      "optics_comment": "",
      "pixelScale": 0.00967,
      "pixelScale_comment": "at 375 nm",
      "pixelSize": 1.2e-05,
      "lenslSamp": 2,
      "sread": 0,
      "idark": 3e-05,
      "CIC": 0.0013,
      "texp": 300,
      "ENF": 1,
      "Rs": 7,
      "PCeff": 0.75
    },
    {
      "name": "spectro_EAC1_IFS_910",
      "QE": 0.9,
      "QE_comment": "",
      "optics": 0.139,
      "pixelScale": 0.00462,
      "pixelSize": 1.5e-05,
      "lenslSamp": 3.5,
      "sread": 0.0,
      "idark": 0.0,
      "CIC": 0.0,
      "texp": 1000,
      "ENF": 1,
      "Rs": 140,
      "PCeff": 0.75
    }
  ],
  "starlightSuppressionSystems": [
    {
      "name": "CEC2a",
      "lam": 500,
      "IWA": 0.0285457,
      "OWA": 1.71274,
      "ohTime": 0.0970023,
      "BW": 0.1,
      "optics": 0.95,
      "optics_comment": "contamination 0.95",
      "core_area": 0.00183332,
      "_core_area_comment": "",
      "occ_trans": "docs/tutorials/sample_data/exosims/occ_trans.fits",
      "core_thruput": "docs/tutorials/sample_data/exosims/core_thruput.fits",
      "core_mean_intensity": "docs/tutorials/sample_data/exosims/core_mean_intensity.fits",
      "koAngles_Small": [
        1,
        180
      ],
      "koAngles_Sun": [
        45,
        135
      ],
      "koAngles_Moon": [
        1,
        180
      ],
      "koAngles_Earth": [
        1,
        180
      ]
    }
  ],
  "observingModes": [
    {
      "instName": "imaging_EAC1_BroadbandVisible_500",
      "systName": "CEC2a",
      "detectionMode": true,
      "lam": 500,
      "SNR": 7
    },
    {
      "instName": "imaging_EAC1_BroadbandVisible_500",
      "systName": "CEC2a",
      "detection": true,
      "lam": 500,
      "SNR": 7
    },
    {
      "instName": "spectro_EAC1_IFS_910",
      "systName": "CEC2a",
      "lam": 910,
      "SNR": 5
    }
  ],
  "modules": {
    "PlanetPopulation": "AlbedoByRadiusDulzPlavchan",
    "StarCatalog": "EXOCAT1",
    "OpticalSystem": "Nemati",
    "ZodiacalLight": "Mennesson",
    "BackgroundSources": "GalaxiesFaintStars",
    "PlanetPhysicalModel": "Forecaster",
    "Observatory": "WFIRSTObservatoryL2",
    "TimeKeeping": " ",
    "PostProcessing": " ",
    "Completeness": "BrownCompleteness",
    "TargetList": " ",
    "SimulatedUniverse": "DulzPlavchanUniverseEarthsOnly",
    "SurveySimulation": "coroOnlyScheduler",
    "SurveyEnsemble": ""
  },
  "completeness_specs": {
    "modules": {
      "PlanetPopulation": "EarthTwinHabZone1SDET",
      "PlanetPhysicalModel": " "
    }
  }
}